"CITY_ASCII","LNG","LAT","TEMPERATURE","HUMIDITY","BIKE_PREDICTION","BIKE_PREDICTION_LEVEL","LABEL","DETAILED_LABEL","FORECASTDATETIME"
"Seoul",127,37.5833,23.74,100,1423,"medium","<b><a href=''>Seoul</a></b></br><b>Rain</b></br>","<b><a href=''>Seoul</a></b></br><b>Rain</b></br>Temperature: 23.74 C </br>Visibility: 10000 m </br>Humidity: 100 % </br>Wind Speed: 1.26 m/s </br>Datetime: 2024-07-18 18:00:00 </br>","2024-07-18 18:00:00"
"Seoul",127,37.5833,23.51,99,1082,"medium","<b><a href=''>Seoul</a></b></br><b>Rain</b></br>","<b><a href=''>Seoul</a></b></br><b>Rain</b></br>Temperature: 23.51 C </br>Visibility: 10000 m </br>Humidity: 99 % </br>Wind Speed: 1.4 m/s </br>Datetime: 2024-07-18 21:00:00 </br>","2024-07-18 21:00:00"
"Seoul",127,37.5833,24.31,94,718,"small","<b><a href=''>Seoul</a></b></br><b>Rain</b></br>","<b><a href=''>Seoul</a></b></br><b>Rain</b></br>Temperature: 24.31 C </br>Visibility: 10000 m </br>Humidity: 94 % </br>Wind Speed: 1.19 m/s </br>Datetime: 2024-07-19 00:00:00 </br>","2024-07-19 00:00:00"
"Seoul",127,37.5833,28.05,75,678,"small","<b><a href=''>Seoul</a></b></br><b>Rain</b></br>","<b><a href=''>Seoul</a></b></br><b>Rain</b></br>Temperature: 28.05 C </br>Visibility: 10000 m </br>Humidity: 75 % </br>Wind Speed: 2.87 m/s </br>Datetime: 2024-07-19 03:00:00 </br>","2024-07-19 03:00:00"
"Seoul",127,37.5833,28.55,72,842,"small","<b><a href=''>Seoul</a></b></br><b>Rain</b></br>","<b><a href=''>Seoul</a></b></br><b>Rain</b></br>Temperature: 28.55 C </br>Visibility: 10000 m </br>Humidity: 72 % </br>Wind Speed: 4.11 m/s </br>Datetime: 2024-07-19 06:00:00 </br>","2024-07-19 06:00:00"
"Seoul",127,37.5833,27.52,77,1014,"medium","<b><a href=''>Seoul</a></b></br><b>Rain</b></br>","<b><a href=''>Seoul</a></b></br><b>Rain</b></br>Temperature: 27.52 C </br>Visibility: 10000 m </br>Humidity: 77 % </br>Wind Speed: 3.54 m/s </br>Datetime: 2024-07-19 09:00:00 </br>","2024-07-19 09:00:00"
"Seoul",127,37.5833,25.2,89,693,"small","<b><a href=''>Seoul</a></b></br><b>Rain</b></br>","<b><a href=''>Seoul</a></b></br><b>Rain</b></br>Temperature: 25.2 C </br>Visibility: 10000 m </br>Humidity: 89 % </br>Wind Speed: 2.32 m/s </br>Datetime: 2024-07-19 12:00:00 </br>","2024-07-19 12:00:00"
"Seoul",127,37.5833,24.64,87,753,"small","<b><a href=''>Seoul</a></b></br><b>Clouds</b></br>","<b><a href=''>Seoul</a></b></br><b>Clouds</b></br>Temperature: 24.64 C </br>Visibility: 10000 m </br>Humidity: 87 % </br>Wind Speed: 1.13 m/s </br>Datetime: 2024-07-19 15:00:00 </br>","2024-07-19 15:00:00"
"Seoul",127,37.5833,24.43,90,1524,"medium","<b><a href=''>Seoul</a></b></br><b>Clouds</b></br>","<b><a href=''>Seoul</a></b></br><b>Clouds</b></br>Temperature: 24.43 C </br>Visibility: 10000 m </br>Humidity: 90 % </br>Wind Speed: 0.95 m/s </br>Datetime: 2024-07-19 18:00:00 </br>","2024-07-19 18:00:00"
"Seoul",127,37.5833,24.26,91,1169,"medium","<b><a href=''>Seoul</a></b></br><b>Clouds</b></br>","<b><a href=''>Seoul</a></b></br><b>Clouds</b></br>Temperature: 24.26 C </br>Visibility: 10000 m </br>Humidity: 91 % </br>Wind Speed: 1.62 m/s </br>Datetime: 2024-07-19 21:00:00 </br>","2024-07-19 21:00:00"
"Seoul",127,37.5833,24.54,91,751,"small","<b><a href=''>Seoul</a></b></br><b>Rain</b></br>","<b><a href=''>Seoul</a></b></br><b>Rain</b></br>Temperature: 24.54 C </br>Visibility: 10000 m </br>Humidity: 91 % </br>Wind Speed: 2.25 m/s </br>Datetime: 2024-07-20 00:00:00 </br>","2024-07-20 00:00:00"
"Seoul",127,37.5833,24.3,93,431,"small","<b><a href=''>Seoul</a></b></br><b>Rain</b></br>","<b><a href=''>Seoul</a></b></br><b>Rain</b></br>Temperature: 24.3 C </br>Visibility: 10000 m </br>Humidity: 93 % </br>Wind Speed: 2.62 m/s </br>Datetime: 2024-07-20 03:00:00 </br>","2024-07-20 03:00:00"
"Seoul",127,37.5833,23.69,96,477,"small","<b><a href=''>Seoul</a></b></br><b>Rain</b></br>","<b><a href=''>Seoul</a></b></br><b>Rain</b></br>Temperature: 23.69 C </br>Visibility: 5199 m </br>Humidity: 96 % </br>Wind Speed: 1.09 m/s </br>Datetime: 2024-07-20 06:00:00 </br>","2024-07-20 06:00:00"
"Seoul",127,37.5833,23.49,97,743,"small","<b><a href=''>Seoul</a></b></br><b>Rain</b></br>","<b><a href=''>Seoul</a></b></br><b>Rain</b></br>Temperature: 23.49 C </br>Visibility: 10000 m </br>Humidity: 97 % </br>Wind Speed: 3.09 m/s </br>Datetime: 2024-07-20 09:00:00 </br>","2024-07-20 09:00:00"
"Seoul",127,37.5833,23.65,96,598,"small","<b><a href=''>Seoul</a></b></br><b>Rain</b></br>","<b><a href=''>Seoul</a></b></br><b>Rain</b></br>Temperature: 23.65 C </br>Visibility: 10000 m </br>Humidity: 96 % </br>Wind Speed: 3.38 m/s </br>Datetime: 2024-07-20 12:00:00 </br>","2024-07-20 12:00:00"
"Seoul",127,37.5833,23.31,94,671,"small","<b><a href=''>Seoul</a></b></br><b>Rain</b></br>","<b><a href=''>Seoul</a></b></br><b>Rain</b></br>Temperature: 23.31 C </br>Visibility: 10000 m </br>Humidity: 94 % </br>Wind Speed: 5.18 m/s </br>Datetime: 2024-07-20 15:00:00 </br>","2024-07-20 15:00:00"
"Seoul",127,37.5833,22.63,97,1432,"medium","<b><a href=''>Seoul</a></b></br><b>Rain</b></br>","<b><a href=''>Seoul</a></b></br><b>Rain</b></br>Temperature: 22.63 C </br>Visibility: 10000 m </br>Humidity: 97 % </br>Wind Speed: 6.13 m/s </br>Datetime: 2024-07-20 18:00:00 </br>","2024-07-20 18:00:00"
"Seoul",127,37.5833,22.69,97,1073,"medium","<b><a href=''>Seoul</a></b></br><b>Rain</b></br>","<b><a href=''>Seoul</a></b></br><b>Rain</b></br>Temperature: 22.69 C </br>Visibility: 8122 m </br>Humidity: 97 % </br>Wind Speed: 4.63 m/s </br>Datetime: 2024-07-20 21:00:00 </br>","2024-07-20 21:00:00"
"Seoul",127,37.5833,24.51,89,772,"small","<b><a href=''>Seoul</a></b></br><b>Rain</b></br>","<b><a href=''>Seoul</a></b></br><b>Rain</b></br>Temperature: 24.51 C </br>Visibility: 10000 m </br>Humidity: 89 % </br>Wind Speed: 4.08 m/s </br>Datetime: 2024-07-21 00:00:00 </br>","2024-07-21 00:00:00"
"Seoul",127,37.5833,26.06,84,554,"small","<b><a href=''>Seoul</a></b></br><b>Rain</b></br>","<b><a href=''>Seoul</a></b></br><b>Rain</b></br>Temperature: 26.06 C </br>Visibility: 10000 m </br>Humidity: 84 % </br>Wind Speed: 3.9 m/s </br>Datetime: 2024-07-21 03:00:00 </br>","2024-07-21 03:00:00"
"Seoul",127,37.5833,29.24,69,885,"small","<b><a href=''>Seoul</a></b></br><b>Rain</b></br>","<b><a href=''>Seoul</a></b></br><b>Rain</b></br>Temperature: 29.24 C </br>Visibility: 10000 m </br>Humidity: 69 % </br>Wind Speed: 4.16 m/s </br>Datetime: 2024-07-21 06:00:00 </br>","2024-07-21 06:00:00"
"Seoul",127,37.5833,28.03,72,1069,"medium","<b><a href=''>Seoul</a></b></br><b>Clouds</b></br>","<b><a href=''>Seoul</a></b></br><b>Clouds</b></br>Temperature: 28.03 C </br>Visibility: 10000 m </br>Humidity: 72 % </br>Wind Speed: 3.2 m/s </br>Datetime: 2024-07-21 09:00:00 </br>","2024-07-21 09:00:00"
"Seoul",127,37.5833,25.77,83,756,"small","<b><a href=''>Seoul</a></b></br><b>Clouds</b></br>","<b><a href=''>Seoul</a></b></br><b>Clouds</b></br>Temperature: 25.77 C </br>Visibility: 10000 m </br>Humidity: 83 % </br>Wind Speed: 1.35 m/s </br>Datetime: 2024-07-21 12:00:00 </br>","2024-07-21 12:00:00"
"Seoul",127,37.5833,24.66,90,729,"small","<b><a href=''>Seoul</a></b></br><b>Clouds</b></br>","<b><a href=''>Seoul</a></b></br><b>Clouds</b></br>Temperature: 24.66 C </br>Visibility: 10000 m </br>Humidity: 90 % </br>Wind Speed: 1.17 m/s </br>Datetime: 2024-07-21 15:00:00 </br>","2024-07-21 15:00:00"
"Seoul",127,37.5833,24.74,89,1540,"medium","<b><a href=''>Seoul</a></b></br><b>Clouds</b></br>","<b><a href=''>Seoul</a></b></br><b>Clouds</b></br>Temperature: 24.74 C </br>Visibility: 10000 m </br>Humidity: 89 % </br>Wind Speed: 1.16 m/s </br>Datetime: 2024-07-21 18:00:00 </br>","2024-07-21 18:00:00"
"Seoul",127,37.5833,24.61,90,1185,"medium","<b><a href=''>Seoul</a></b></br><b>Rain</b></br>","<b><a href=''>Seoul</a></b></br><b>Rain</b></br>Temperature: 24.61 C </br>Visibility: 10000 m </br>Humidity: 90 % </br>Wind Speed: 1.38 m/s </br>Datetime: 2024-07-21 21:00:00 </br>","2024-07-21 21:00:00"
"Seoul",127,37.5833,26.09,86,834,"small","<b><a href=''>Seoul</a></b></br><b>Rain</b></br>","<b><a href=''>Seoul</a></b></br><b>Rain</b></br>Temperature: 26.09 C </br>Visibility: 10000 m </br>Humidity: 86 % </br>Wind Speed: 2.97 m/s </br>Datetime: 2024-07-22 00:00:00 </br>","2024-07-22 00:00:00"
"Seoul",127,37.5833,27.79,80,630,"small","<b><a href=''>Seoul</a></b></br><b>Rain</b></br>","<b><a href=''>Seoul</a></b></br><b>Rain</b></br>Temperature: 27.79 C </br>Visibility: 10000 m </br>Humidity: 80 % </br>Wind Speed: 3.4 m/s </br>Datetime: 2024-07-22 03:00:00 </br>","2024-07-22 03:00:00"
"Seoul",127,37.5833,29.88,64,946,"small","<b><a href=''>Seoul</a></b></br><b>Clouds</b></br>","<b><a href=''>Seoul</a></b></br><b>Clouds</b></br>Temperature: 29.88 C </br>Visibility: 10000 m </br>Humidity: 64 % </br>Wind Speed: 5.31 m/s </br>Datetime: 2024-07-22 06:00:00 </br>","2024-07-22 06:00:00"
"Seoul",127,37.5833,28.63,70,1103,"medium","<b><a href=''>Seoul</a></b></br><b>Clouds</b></br>","<b><a href=''>Seoul</a></b></br><b>Clouds</b></br>Temperature: 28.63 C </br>Visibility: 10000 m </br>Humidity: 70 % </br>Wind Speed: 4.32 m/s </br>Datetime: 2024-07-22 09:00:00 </br>","2024-07-22 09:00:00"
"Seoul",127,37.5833,26.29,82,781,"small","<b><a href=''>Seoul</a></b></br><b>Clouds</b></br>","<b><a href=''>Seoul</a></b></br><b>Clouds</b></br>Temperature: 26.29 C </br>Visibility: 10000 m </br>Humidity: 82 % </br>Wind Speed: 2.9 m/s </br>Datetime: 2024-07-22 12:00:00 </br>","2024-07-22 12:00:00"
"Seoul",127,37.5833,25.57,83,813,"small","<b><a href=''>Seoul</a></b></br><b>Clouds</b></br>","<b><a href=''>Seoul</a></b></br><b>Clouds</b></br>Temperature: 25.57 C </br>Visibility: 10000 m </br>Humidity: 83 % </br>Wind Speed: 2.12 m/s </br>Datetime: 2024-07-22 15:00:00 </br>","2024-07-22 15:00:00"
"Seoul",127,37.5833,25.48,88,1572,"medium","<b><a href=''>Seoul</a></b></br><b>Clouds</b></br>","<b><a href=''>Seoul</a></b></br><b>Clouds</b></br>Temperature: 25.48 C </br>Visibility: 10000 m </br>Humidity: 88 % </br>Wind Speed: 3.08 m/s </br>Datetime: 2024-07-22 18:00:00 </br>","2024-07-22 18:00:00"
"Seoul",127,37.5833,25.23,92,1187,"medium","<b><a href=''>Seoul</a></b></br><b>Rain</b></br>","<b><a href=''>Seoul</a></b></br><b>Rain</b></br>Temperature: 25.23 C </br>Visibility: 10000 m </br>Humidity: 92 % </br>Wind Speed: 2.63 m/s </br>Datetime: 2024-07-22 21:00:00 </br>","2024-07-22 21:00:00"
"Seoul",127,37.5833,26.51,87,837,"small","<b><a href=''>Seoul</a></b></br><b>Rain</b></br>","<b><a href=''>Seoul</a></b></br><b>Rain</b></br>Temperature: 26.51 C </br>Visibility: 10000 m </br>Humidity: 87 % </br>Wind Speed: 3.18 m/s </br>Datetime: 2024-07-23 00:00:00 </br>","2024-07-23 00:00:00"
"Seoul",127,37.5833,27.41,84,561,"small","<b><a href=''>Seoul</a></b></br><b>Rain</b></br>","<b><a href=''>Seoul</a></b></br><b>Rain</b></br>Temperature: 27.41 C </br>Visibility: 5689 m </br>Humidity: 84 % </br>Wind Speed: 4.79 m/s </br>Datetime: 2024-07-23 03:00:00 </br>","2024-07-23 03:00:00"
"Seoul",127,37.5833,27.09,87,676,"small","<b><a href=''>Seoul</a></b></br><b>Rain</b></br>","<b><a href=''>Seoul</a></b></br><b>Rain</b></br>Temperature: 27.09 C </br>Visibility: 10000 m </br>Humidity: 87 % </br>Wind Speed: 3.11 m/s </br>Datetime: 2024-07-23 06:00:00 </br>","2024-07-23 06:00:00"
"Seoul",127,37.5833,28.27,79,1017,"medium","<b><a href=''>Seoul</a></b></br><b>Rain</b></br>","<b><a href=''>Seoul</a></b></br><b>Rain</b></br>Temperature: 28.27 C </br>Visibility: 10000 m </br>Humidity: 79 % </br>Wind Speed: 3.81 m/s </br>Datetime: 2024-07-23 09:00:00 </br>","2024-07-23 09:00:00"
"Seoul",127,37.5833,25.76,90,698,"small","<b><a href=''>Seoul</a></b></br><b>Rain</b></br>","<b><a href=''>Seoul</a></b></br><b>Rain</b></br>Temperature: 25.76 C </br>Visibility: 10000 m </br>Humidity: 90 % </br>Wind Speed: 1.91 m/s </br>Datetime: 2024-07-23 12:00:00 </br>","2024-07-23 12:00:00"
"Seoul",127,37.5833,24.87,94,700,"small","<b><a href=''>Seoul</a></b></br><b>Clouds</b></br>","<b><a href=''>Seoul</a></b></br><b>Clouds</b></br>Temperature: 24.87 C </br>Visibility: 10000 m </br>Humidity: 94 % </br>Wind Speed: 1.08 m/s </br>Datetime: 2024-07-23 15:00:00 </br>","2024-07-23 15:00:00"
"New York",-73.9249,40.6943,28.61,58,1902,"medium","<b><a href=''>New York</a></b></br><b>Clear</b></br>","<b><a href=''>New York</a></b></br><b>Clear</b></br>Temperature: 28.61 C </br>Visibility: 10000 m </br>Humidity: 58 % </br>Wind Speed: 2.03 m/s </br>Datetime: 2024-07-18 18:00:00 </br>","2024-07-18 18:00:00"
"New York",-73.9249,40.6943,29.64,50,1652,"medium","<b><a href=''>New York</a></b></br><b>Clouds</b></br>","<b><a href=''>New York</a></b></br><b>Clouds</b></br>Temperature: 29.64 C </br>Visibility: 10000 m </br>Humidity: 50 % </br>Wind Speed: 2.06 m/s </br>Datetime: 2024-07-18 21:00:00 </br>","2024-07-18 21:00:00"
"New York",-73.9249,40.6943,29.18,47,1237,"medium","<b><a href=''>New York</a></b></br><b>Clouds</b></br>","<b><a href=''>New York</a></b></br><b>Clouds</b></br>Temperature: 29.18 C </br>Visibility: 10000 m </br>Humidity: 47 % </br>Wind Speed: 0.94 m/s </br>Datetime: 2024-07-19 00:00:00 </br>","2024-07-19 00:00:00"
"New York",-73.9249,40.6943,26.88,47,891,"small","<b><a href=''>New York</a></b></br><b>Clouds</b></br>","<b><a href=''>New York</a></b></br><b>Clouds</b></br>Temperature: 26.88 C </br>Visibility: 10000 m </br>Humidity: 47 % </br>Wind Speed: 5.41 m/s </br>Datetime: 2024-07-19 03:00:00 </br>","2024-07-19 03:00:00"
"New York",-73.9249,40.6943,23.98,53,889,"small","<b><a href=''>New York</a></b></br><b>Clouds</b></br>","<b><a href=''>New York</a></b></br><b>Clouds</b></br>Temperature: 23.98 C </br>Visibility: 10000 m </br>Humidity: 53 % </br>Wind Speed: 4.68 m/s </br>Datetime: 2024-07-19 06:00:00 </br>","2024-07-19 06:00:00"
"New York",-73.9249,40.6943,21.77,55,1059,"medium","<b><a href=''>New York</a></b></br><b>Clear</b></br>","<b><a href=''>New York</a></b></br><b>Clear</b></br>Temperature: 21.77 C </br>Visibility: 10000 m </br>Humidity: 55 % </br>Wind Speed: 4.83 m/s </br>Datetime: 2024-07-19 09:00:00 </br>","2024-07-19 09:00:00"
"New York",-73.9249,40.6943,22.46,52,942,"small","<b><a href=''>New York</a></b></br><b>Clear</b></br>","<b><a href=''>New York</a></b></br><b>Clear</b></br>Temperature: 22.46 C </br>Visibility: 10000 m </br>Humidity: 52 % </br>Wind Speed: 4.47 m/s </br>Datetime: 2024-07-19 12:00:00 </br>","2024-07-19 12:00:00"
"New York",-73.9249,40.6943,26.89,37,1235,"medium","<b><a href=''>New York</a></b></br><b>Clear</b></br>","<b><a href=''>New York</a></b></br><b>Clear</b></br>Temperature: 26.89 C </br>Visibility: 10000 m </br>Humidity: 37 % </br>Wind Speed: 1.91 m/s </br>Datetime: 2024-07-19 15:00:00 </br>","2024-07-19 15:00:00"
"New York",-73.9249,40.6943,29.44,34,2128,"medium","<b><a href=''>New York</a></b></br><b>Clear</b></br>","<b><a href=''>New York</a></b></br><b>Clear</b></br>Temperature: 29.44 C </br>Visibility: 10000 m </br>Humidity: 34 % </br>Wind Speed: 3 m/s </br>Datetime: 2024-07-19 18:00:00 </br>","2024-07-19 18:00:00"
"New York",-73.9249,40.6943,29.59,36,1775,"medium","<b><a href=''>New York</a></b></br><b>Clear</b></br>","<b><a href=''>New York</a></b></br><b>Clear</b></br>Temperature: 29.59 C </br>Visibility: 10000 m </br>Humidity: 36 % </br>Wind Speed: 4.67 m/s </br>Datetime: 2024-07-19 21:00:00 </br>","2024-07-19 21:00:00"
"New York",-73.9249,40.6943,26.6,48,1173,"medium","<b><a href=''>New York</a></b></br><b>Clouds</b></br>","<b><a href=''>New York</a></b></br><b>Clouds</b></br>Temperature: 26.6 C </br>Visibility: 10000 m </br>Humidity: 48 % </br>Wind Speed: 4.81 m/s </br>Datetime: 2024-07-20 00:00:00 </br>","2024-07-20 00:00:00"
"New York",-73.9249,40.6943,25.09,55,775,"small","<b><a href=''>New York</a></b></br><b>Clouds</b></br>","<b><a href=''>New York</a></b></br><b>Clouds</b></br>Temperature: 25.09 C </br>Visibility: 10000 m </br>Humidity: 55 % </br>Wind Speed: 4.13 m/s </br>Datetime: 2024-07-20 03:00:00 </br>","2024-07-20 03:00:00"
"New York",-73.9249,40.6943,23.78,60,819,"small","<b><a href=''>New York</a></b></br><b>Clouds</b></br>","<b><a href=''>New York</a></b></br><b>Clouds</b></br>Temperature: 23.78 C </br>Visibility: 10000 m </br>Humidity: 60 % </br>Wind Speed: 2.36 m/s </br>Datetime: 2024-07-20 06:00:00 </br>","2024-07-20 06:00:00"
"New York",-73.9249,40.6943,22.88,58,1054,"medium","<b><a href=''>New York</a></b></br><b>Clouds</b></br>","<b><a href=''>New York</a></b></br><b>Clouds</b></br>Temperature: 22.88 C </br>Visibility: 10000 m </br>Humidity: 58 % </br>Wind Speed: 1.73 m/s </br>Datetime: 2024-07-20 09:00:00 </br>","2024-07-20 09:00:00"
"New York",-73.9249,40.6943,24,50,990,"small","<b><a href=''>New York</a></b></br><b>Clouds</b></br>","<b><a href=''>New York</a></b></br><b>Clouds</b></br>Temperature: 24 C </br>Visibility: 10000 m </br>Humidity: 50 % </br>Wind Speed: 1.08 m/s </br>Datetime: 2024-07-20 12:00:00 </br>","2024-07-20 12:00:00"
"New York",-73.9249,40.6943,27.81,39,1241,"medium","<b><a href=''>New York</a></b></br><b>Clouds</b></br>","<b><a href=''>New York</a></b></br><b>Clouds</b></br>Temperature: 27.81 C </br>Visibility: 10000 m </br>Humidity: 39 % </br>Wind Speed: 2.1 m/s </br>Datetime: 2024-07-20 15:00:00 </br>","2024-07-20 15:00:00"
"New York",-73.9249,40.6943,28.1,47,1988,"medium","<b><a href=''>New York</a></b></br><b>Clouds</b></br>","<b><a href=''>New York</a></b></br><b>Clouds</b></br>Temperature: 28.1 C </br>Visibility: 10000 m </br>Humidity: 47 % </br>Wind Speed: 4.26 m/s </br>Datetime: 2024-07-20 18:00:00 </br>","2024-07-20 18:00:00"
"New York",-73.9249,40.6943,28.09,51,1611,"medium","<b><a href=''>New York</a></b></br><b>Clouds</b></br>","<b><a href=''>New York</a></b></br><b>Clouds</b></br>Temperature: 28.09 C </br>Visibility: 10000 m </br>Humidity: 51 % </br>Wind Speed: 5.01 m/s </br>Datetime: 2024-07-20 21:00:00 </br>","2024-07-20 21:00:00"
"New York",-73.9249,40.6943,26.58,57,1095,"medium","<b><a href=''>New York</a></b></br><b>Clouds</b></br>","<b><a href=''>New York</a></b></br><b>Clouds</b></br>Temperature: 26.58 C </br>Visibility: 10000 m </br>Humidity: 57 % </br>Wind Speed: 4.24 m/s </br>Datetime: 2024-07-21 00:00:00 </br>","2024-07-21 00:00:00"
"New York",-73.9249,40.6943,25.49,65,698,"small","<b><a href=''>New York</a></b></br><b>Clouds</b></br>","<b><a href=''>New York</a></b></br><b>Clouds</b></br>Temperature: 25.49 C </br>Visibility: 10000 m </br>Humidity: 65 % </br>Wind Speed: 2.95 m/s </br>Datetime: 2024-07-21 03:00:00 </br>","2024-07-21 03:00:00"
"New York",-73.9249,40.6943,24.53,71,745,"small","<b><a href=''>New York</a></b></br><b>Clouds</b></br>","<b><a href=''>New York</a></b></br><b>Clouds</b></br>Temperature: 24.53 C </br>Visibility: 10000 m </br>Humidity: 71 % </br>Wind Speed: 2.4 m/s </br>Datetime: 2024-07-21 06:00:00 </br>","2024-07-21 06:00:00"
"New York",-73.9249,40.6943,23.49,69,977,"small","<b><a href=''>New York</a></b></br><b>Clear</b></br>","<b><a href=''>New York</a></b></br><b>Clear</b></br>Temperature: 23.49 C </br>Visibility: 10000 m </br>Humidity: 69 % </br>Wind Speed: 2.06 m/s </br>Datetime: 2024-07-21 09:00:00 </br>","2024-07-21 09:00:00"
"New York",-73.9249,40.6943,24.87,62,914,"small","<b><a href=''>New York</a></b></br><b>Clouds</b></br>","<b><a href=''>New York</a></b></br><b>Clouds</b></br>Temperature: 24.87 C </br>Visibility: 10000 m </br>Humidity: 62 % </br>Wind Speed: 2.64 m/s </br>Datetime: 2024-07-21 12:00:00 </br>","2024-07-21 12:00:00"
"New York",-73.9249,40.6943,29.1,38,1282,"medium","<b><a href=''>New York</a></b></br><b>Clouds</b></br>","<b><a href=''>New York</a></b></br><b>Clouds</b></br>Temperature: 29.1 C </br>Visibility: 10000 m </br>Humidity: 38 % </br>Wind Speed: 1.95 m/s </br>Datetime: 2024-07-21 15:00:00 </br>","2024-07-21 15:00:00"
"New York",-73.9249,40.6943,31.87,30,2221,"medium","<b><a href=''>New York</a></b></br><b>Clouds</b></br>","<b><a href=''>New York</a></b></br><b>Clouds</b></br>Temperature: 31.87 C </br>Visibility: 10000 m </br>Humidity: 30 % </br>Wind Speed: 1.95 m/s </br>Datetime: 2024-07-21 18:00:00 </br>","2024-07-21 18:00:00"
"New York",-73.9249,40.6943,31.23,37,1807,"medium","<b><a href=''>New York</a></b></br><b>Clear</b></br>","<b><a href=''>New York</a></b></br><b>Clear</b></br>Temperature: 31.23 C </br>Visibility: 10000 m </br>Humidity: 37 % </br>Wind Speed: 4.25 m/s </br>Datetime: 2024-07-21 21:00:00 </br>","2024-07-21 21:00:00"
"New York",-73.9249,40.6943,29.84,42,1303,"medium","<b><a href=''>New York</a></b></br><b>Clouds</b></br>","<b><a href=''>New York</a></b></br><b>Clouds</b></br>Temperature: 29.84 C </br>Visibility: 10000 m </br>Humidity: 42 % </br>Wind Speed: 3.69 m/s </br>Datetime: 2024-07-22 00:00:00 </br>","2024-07-22 00:00:00"
"New York",-73.9249,40.6943,26.89,57,801,"small","<b><a href=''>New York</a></b></br><b>Clouds</b></br>","<b><a href=''>New York</a></b></br><b>Clouds</b></br>Temperature: 26.89 C </br>Visibility: 10000 m </br>Humidity: 57 % </br>Wind Speed: 2.87 m/s </br>Datetime: 2024-07-22 03:00:00 </br>","2024-07-22 03:00:00"
"New York",-73.9249,40.6943,25.43,59,869,"small","<b><a href=''>New York</a></b></br><b>Clouds</b></br>","<b><a href=''>New York</a></b></br><b>Clouds</b></br>Temperature: 25.43 C </br>Visibility: 10000 m </br>Humidity: 59 % </br>Wind Speed: 2.27 m/s </br>Datetime: 2024-07-22 06:00:00 </br>","2024-07-22 06:00:00"
"New York",-73.9249,40.6943,24.3,58,1092,"medium","<b><a href=''>New York</a></b></br><b>Clouds</b></br>","<b><a href=''>New York</a></b></br><b>Clouds</b></br>Temperature: 24.3 C </br>Visibility: 10000 m </br>Humidity: 58 % </br>Wind Speed: 2.58 m/s </br>Datetime: 2024-07-22 09:00:00 </br>","2024-07-22 09:00:00"
"New York",-73.9249,40.6943,25.38,54,991,"small","<b><a href=''>New York</a></b></br><b>Clouds</b></br>","<b><a href=''>New York</a></b></br><b>Clouds</b></br>Temperature: 25.38 C </br>Visibility: 10000 m </br>Humidity: 54 % </br>Wind Speed: 1.4 m/s </br>Datetime: 2024-07-22 12:00:00 </br>","2024-07-22 12:00:00"
"New York",-73.9249,40.6943,29.43,42,1257,"medium","<b><a href=''>New York</a></b></br><b>Clouds</b></br>","<b><a href=''>New York</a></b></br><b>Clouds</b></br>Temperature: 29.43 C </br>Visibility: 10000 m </br>Humidity: 42 % </br>Wind Speed: 2.23 m/s </br>Datetime: 2024-07-22 15:00:00 </br>","2024-07-22 15:00:00"
"New York",-73.9249,40.6943,29.85,51,2001,"medium","<b><a href=''>New York</a></b></br><b>Rain</b></br>","<b><a href=''>New York</a></b></br><b>Rain</b></br>Temperature: 29.85 C </br>Visibility: 10000 m </br>Humidity: 51 % </br>Wind Speed: 5.77 m/s </br>Datetime: 2024-07-22 18:00:00 </br>","2024-07-22 18:00:00"
"New York",-73.9249,40.6943,25.48,73,1355,"medium","<b><a href=''>New York</a></b></br><b>Rain</b></br>","<b><a href=''>New York</a></b></br><b>Rain</b></br>Temperature: 25.48 C </br>Visibility: 10000 m </br>Humidity: 73 % </br>Wind Speed: 3.22 m/s </br>Datetime: 2024-07-22 21:00:00 </br>","2024-07-22 21:00:00"
"New York",-73.9249,40.6943,22.25,89,690,"small","<b><a href=''>New York</a></b></br><b>Rain</b></br>","<b><a href=''>New York</a></b></br><b>Rain</b></br>Temperature: 22.25 C </br>Visibility: 6666 m </br>Humidity: 89 % </br>Wind Speed: 2.97 m/s </br>Datetime: 2024-07-23 00:00:00 </br>","2024-07-23 00:00:00"
"New York",-73.9249,40.6943,23.44,84,485,"small","<b><a href=''>New York</a></b></br><b>Rain</b></br>","<b><a href=''>New York</a></b></br><b>Rain</b></br>Temperature: 23.44 C </br>Visibility: 10000 m </br>Humidity: 84 % </br>Wind Speed: 2.72 m/s </br>Datetime: 2024-07-23 03:00:00 </br>","2024-07-23 03:00:00"
"New York",-73.9249,40.6943,23.5,83,615,"small","<b><a href=''>New York</a></b></br><b>Clouds</b></br>","<b><a href=''>New York</a></b></br><b>Clouds</b></br>Temperature: 23.5 C </br>Visibility: 10000 m </br>Humidity: 83 % </br>Wind Speed: 1.34 m/s </br>Datetime: 2024-07-23 06:00:00 </br>","2024-07-23 06:00:00"
"New York",-73.9249,40.6943,22.99,85,828,"small","<b><a href=''>New York</a></b></br><b>Clouds</b></br>","<b><a href=''>New York</a></b></br><b>Clouds</b></br>Temperature: 22.99 C </br>Visibility: 10000 m </br>Humidity: 85 % </br>Wind Speed: 1.62 m/s </br>Datetime: 2024-07-23 09:00:00 </br>","2024-07-23 09:00:00"
"New York",-73.9249,40.6943,23.72,79,736,"small","<b><a href=''>New York</a></b></br><b>Clouds</b></br>","<b><a href=''>New York</a></b></br><b>Clouds</b></br>Temperature: 23.72 C </br>Visibility: 10000 m </br>Humidity: 79 % </br>Wind Speed: 0.58 m/s </br>Datetime: 2024-07-23 12:00:00 </br>","2024-07-23 12:00:00"
"New York",-73.9249,40.6943,28.41,57,1101,"medium","<b><a href=''>New York</a></b></br><b>Clouds</b></br>","<b><a href=''>New York</a></b></br><b>Clouds</b></br>Temperature: 28.41 C </br>Visibility: 10000 m </br>Humidity: 57 % </br>Wind Speed: 0.89 m/s </br>Datetime: 2024-07-23 15:00:00 </br>","2024-07-23 15:00:00"
"Paris",2.3522,48.8566,29.52,38,2097,"medium","<b><a href=''>Paris</a></b></br><b>Clear</b></br>","<b><a href=''>Paris</a></b></br><b>Clear</b></br>Temperature: 29.52 C </br>Visibility: 10000 m </br>Humidity: 38 % </br>Wind Speed: 3.09 m/s </br>Datetime: 2024-07-18 18:00:00 </br>","2024-07-18 18:00:00"
"Paris",2.3522,48.8566,27.46,47,1622,"medium","<b><a href=''>Paris</a></b></br><b>Clouds</b></br>","<b><a href=''>Paris</a></b></br><b>Clouds</b></br>Temperature: 27.46 C </br>Visibility: 10000 m </br>Humidity: 47 % </br>Wind Speed: 1.86 m/s </br>Datetime: 2024-07-18 21:00:00 </br>","2024-07-18 21:00:00"
"Paris",2.3522,48.8566,24.25,60,1004,"medium","<b><a href=''>Paris</a></b></br><b>Clouds</b></br>","<b><a href=''>Paris</a></b></br><b>Clouds</b></br>Temperature: 24.25 C </br>Visibility: 10000 m </br>Humidity: 60 % </br>Wind Speed: 1.49 m/s </br>Datetime: 2024-07-19 00:00:00 </br>","2024-07-19 00:00:00"
"Paris",2.3522,48.8566,20.42,75,482,"small","<b><a href=''>Paris</a></b></br><b>Clouds</b></br>","<b><a href=''>Paris</a></b></br><b>Clouds</b></br>Temperature: 20.42 C </br>Visibility: 10000 m </br>Humidity: 75 % </br>Wind Speed: 1.22 m/s </br>Datetime: 2024-07-19 03:00:00 </br>","2024-07-19 03:00:00"
"Paris",2.3522,48.8566,21.48,73,648,"small","<b><a href=''>Paris</a></b></br><b>Clouds</b></br>","<b><a href=''>Paris</a></b></br><b>Clouds</b></br>Temperature: 21.48 C </br>Visibility: 10000 m </br>Humidity: 73 % </br>Wind Speed: 1.17 m/s </br>Datetime: 2024-07-19 06:00:00 </br>","2024-07-19 06:00:00"
"Paris",2.3522,48.8566,26.21,57,1144,"medium","<b><a href=''>Paris</a></b></br><b>Clouds</b></br>","<b><a href=''>Paris</a></b></br><b>Clouds</b></br>Temperature: 26.21 C </br>Visibility: 10000 m </br>Humidity: 57 % </br>Wind Speed: 0.74 m/s </br>Datetime: 2024-07-19 09:00:00 </br>","2024-07-19 09:00:00"
"Paris",2.3522,48.8566,31.14,40,1253,"medium","<b><a href=''>Paris</a></b></br><b>Clouds</b></br>","<b><a href=''>Paris</a></b></br><b>Clouds</b></br>Temperature: 31.14 C </br>Visibility: 10000 m </br>Humidity: 40 % </br>Wind Speed: 0.79 m/s </br>Datetime: 2024-07-19 12:00:00 </br>","2024-07-19 12:00:00"
"Paris",2.3522,48.8566,32.28,36,1377,"medium","<b><a href=''>Paris</a></b></br><b>Clouds</b></br>","<b><a href=''>Paris</a></b></br><b>Clouds</b></br>Temperature: 32.28 C </br>Visibility: 10000 m </br>Humidity: 36 % </br>Wind Speed: 1.06 m/s </br>Datetime: 2024-07-19 15:00:00 </br>","2024-07-19 15:00:00"
"Paris",2.3522,48.8566,29.29,47,2008,"medium","<b><a href=''>Paris</a></b></br><b>Clouds</b></br>","<b><a href=''>Paris</a></b></br><b>Clouds</b></br>Temperature: 29.29 C </br>Visibility: 10000 m </br>Humidity: 47 % </br>Wind Speed: 0.33 m/s </br>Datetime: 2024-07-19 18:00:00 </br>","2024-07-19 18:00:00"
"Paris",2.3522,48.8566,26.45,58,1502,"medium","<b><a href=''>Paris</a></b></br><b>Clouds</b></br>","<b><a href=''>Paris</a></b></br><b>Clouds</b></br>Temperature: 26.45 C </br>Visibility: 10000 m </br>Humidity: 58 % </br>Wind Speed: 1.36 m/s </br>Datetime: 2024-07-19 21:00:00 </br>","2024-07-19 21:00:00"
"Paris",2.3522,48.8566,23.82,69,917,"small","<b><a href=''>Paris</a></b></br><b>Clouds</b></br>","<b><a href=''>Paris</a></b></br><b>Clouds</b></br>Temperature: 23.82 C </br>Visibility: 10000 m </br>Humidity: 69 % </br>Wind Speed: 1.28 m/s </br>Datetime: 2024-07-20 00:00:00 </br>","2024-07-20 00:00:00"
"Paris",2.3522,48.8566,22.19,77,509,"small","<b><a href=''>Paris</a></b></br><b>Clouds</b></br>","<b><a href=''>Paris</a></b></br><b>Clouds</b></br>Temperature: 22.19 C </br>Visibility: 10000 m </br>Humidity: 77 % </br>Wind Speed: 1.01 m/s </br>Datetime: 2024-07-20 03:00:00 </br>","2024-07-20 03:00:00"
"Paris",2.3522,48.8566,22.9,75,666,"small","<b><a href=''>Paris</a></b></br><b>Clouds</b></br>","<b><a href=''>Paris</a></b></br><b>Clouds</b></br>Temperature: 22.9 C </br>Visibility: 10000 m </br>Humidity: 75 % </br>Wind Speed: 0.84 m/s </br>Datetime: 2024-07-20 06:00:00 </br>","2024-07-20 06:00:00"
"Paris",2.3522,48.8566,27.06,59,1151,"medium","<b><a href=''>Paris</a></b></br><b>Clouds</b></br>","<b><a href=''>Paris</a></b></br><b>Clouds</b></br>Temperature: 27.06 C </br>Visibility: 10000 m </br>Humidity: 59 % </br>Wind Speed: 1.78 m/s </br>Datetime: 2024-07-20 09:00:00 </br>","2024-07-20 09:00:00"
"Paris",2.3522,48.8566,30.52,45,1202,"medium","<b><a href=''>Paris</a></b></br><b>Clouds</b></br>","<b><a href=''>Paris</a></b></br><b>Clouds</b></br>Temperature: 30.52 C </br>Visibility: 10000 m </br>Humidity: 45 % </br>Wind Speed: 3.43 m/s </br>Datetime: 2024-07-20 12:00:00 </br>","2024-07-20 12:00:00"
"Paris",2.3522,48.8566,31.05,35,1363,"medium","<b><a href=''>Paris</a></b></br><b>Clouds</b></br>","<b><a href=''>Paris</a></b></br><b>Clouds</b></br>Temperature: 31.05 C </br>Visibility: 10000 m </br>Humidity: 35 % </br>Wind Speed: 4.81 m/s </br>Datetime: 2024-07-20 15:00:00 </br>","2024-07-20 15:00:00"
"Paris",2.3522,48.8566,28.72,42,2045,"medium","<b><a href=''>Paris</a></b></br><b>Clouds</b></br>","<b><a href=''>Paris</a></b></br><b>Clouds</b></br>Temperature: 28.72 C </br>Visibility: 10000 m </br>Humidity: 42 % </br>Wind Speed: 3.92 m/s </br>Datetime: 2024-07-20 18:00:00 </br>","2024-07-20 18:00:00"
"Paris",2.3522,48.8566,24.22,65,1393,"medium","<b><a href=''>Paris</a></b></br><b>Clouds</b></br>","<b><a href=''>Paris</a></b></br><b>Clouds</b></br>Temperature: 24.22 C </br>Visibility: 10000 m </br>Humidity: 65 % </br>Wind Speed: 4.05 m/s </br>Datetime: 2024-07-20 21:00:00 </br>","2024-07-20 21:00:00"
"Paris",2.3522,48.8566,20.69,85,704,"small","<b><a href=''>Paris</a></b></br><b>Rain</b></br>","<b><a href=''>Paris</a></b></br><b>Rain</b></br>Temperature: 20.69 C </br>Visibility: 10000 m </br>Humidity: 85 % </br>Wind Speed: 1.91 m/s </br>Datetime: 2024-07-21 00:00:00 </br>","2024-07-21 00:00:00"
"Paris",2.3522,48.8566,19.49,87,360,"small","<b><a href=''>Paris</a></b></br><b>Rain</b></br>","<b><a href=''>Paris</a></b></br><b>Rain</b></br>Temperature: 19.49 C </br>Visibility: 10000 m </br>Humidity: 87 % </br>Wind Speed: 2.29 m/s </br>Datetime: 2024-07-21 03:00:00 </br>","2024-07-21 03:00:00"
"Paris",2.3522,48.8566,19.25,82,521,"small","<b><a href=''>Paris</a></b></br><b>Clouds</b></br>","<b><a href=''>Paris</a></b></br><b>Clouds</b></br>Temperature: 19.25 C </br>Visibility: 10000 m </br>Humidity: 82 % </br>Wind Speed: 3.06 m/s </br>Datetime: 2024-07-21 06:00:00 </br>","2024-07-21 06:00:00"
"Paris",2.3522,48.8566,21.56,67,946,"small","<b><a href=''>Paris</a></b></br><b>Clouds</b></br>","<b><a href=''>Paris</a></b></br><b>Clouds</b></br>Temperature: 21.56 C </br>Visibility: 10000 m </br>Humidity: 67 % </br>Wind Speed: 2.33 m/s </br>Datetime: 2024-07-21 09:00:00 </br>","2024-07-21 09:00:00"
"Paris",2.3522,48.8566,23.48,55,941,"small","<b><a href=''>Paris</a></b></br><b>Rain</b></br>","<b><a href=''>Paris</a></b></br><b>Rain</b></br>Temperature: 23.48 C </br>Visibility: 10000 m </br>Humidity: 55 % </br>Wind Speed: 3.7 m/s </br>Datetime: 2024-07-21 12:00:00 </br>","2024-07-21 12:00:00"
"Paris",2.3522,48.8566,25.04,46,1119,"medium","<b><a href=''>Paris</a></b></br><b>Clouds</b></br>","<b><a href=''>Paris</a></b></br><b>Clouds</b></br>Temperature: 25.04 C </br>Visibility: 10000 m </br>Humidity: 46 % </br>Wind Speed: 4.89 m/s </br>Datetime: 2024-07-21 15:00:00 </br>","2024-07-21 15:00:00"
"Paris",2.3522,48.8566,22.3,60,1731,"medium","<b><a href=''>Paris</a></b></br><b>Clouds</b></br>","<b><a href=''>Paris</a></b></br><b>Clouds</b></br>Temperature: 22.3 C </br>Visibility: 10000 m </br>Humidity: 60 % </br>Wind Speed: 4.08 m/s </br>Datetime: 2024-07-21 18:00:00 </br>","2024-07-21 18:00:00"
"Paris",2.3522,48.8566,18.52,71,1200,"medium","<b><a href=''>Paris</a></b></br><b>Clouds</b></br>","<b><a href=''>Paris</a></b></br><b>Clouds</b></br>Temperature: 18.52 C </br>Visibility: 10000 m </br>Humidity: 71 % </br>Wind Speed: 4.56 m/s </br>Datetime: 2024-07-21 21:00:00 </br>","2024-07-21 21:00:00"
"Paris",2.3522,48.8566,16.89,76,689,"small","<b><a href=''>Paris</a></b></br><b>Clouds</b></br>","<b><a href=''>Paris</a></b></br><b>Clouds</b></br>Temperature: 16.89 C </br>Visibility: 10000 m </br>Humidity: 76 % </br>Wind Speed: 3.85 m/s </br>Datetime: 2024-07-22 00:00:00 </br>","2024-07-22 00:00:00"
"Paris",2.3522,48.8566,15.38,77,342,"small","<b><a href=''>Paris</a></b></br><b>Clouds</b></br>","<b><a href=''>Paris</a></b></br><b>Clouds</b></br>Temperature: 15.38 C </br>Visibility: 10000 m </br>Humidity: 77 % </br>Wind Speed: 2.98 m/s </br>Datetime: 2024-07-22 03:00:00 </br>","2024-07-22 03:00:00"
"Paris",2.3522,48.8566,15.84,78,468,"small","<b><a href=''>Paris</a></b></br><b>Clouds</b></br>","<b><a href=''>Paris</a></b></br><b>Clouds</b></br>Temperature: 15.84 C </br>Visibility: 10000 m </br>Humidity: 78 % </br>Wind Speed: 2.63 m/s </br>Datetime: 2024-07-22 06:00:00 </br>","2024-07-22 06:00:00"
"Paris",2.3522,48.8566,20.23,55,1015,"medium","<b><a href=''>Paris</a></b></br><b>Clear</b></br>","<b><a href=''>Paris</a></b></br><b>Clear</b></br>Temperature: 20.23 C </br>Visibility: 10000 m </br>Humidity: 55 % </br>Wind Speed: 2.68 m/s </br>Datetime: 2024-07-22 09:00:00 </br>","2024-07-22 09:00:00"
"Paris",2.3522,48.8566,23.84,42,1058,"medium","<b><a href=''>Paris</a></b></br><b>Clouds</b></br>","<b><a href=''>Paris</a></b></br><b>Clouds</b></br>Temperature: 23.84 C </br>Visibility: 10000 m </br>Humidity: 42 % </br>Wind Speed: 2.84 m/s </br>Datetime: 2024-07-22 12:00:00 </br>","2024-07-22 12:00:00"
"Paris",2.3522,48.8566,24.63,41,1146,"medium","<b><a href=''>Paris</a></b></br><b>Clouds</b></br>","<b><a href=''>Paris</a></b></br><b>Clouds</b></br>Temperature: 24.63 C </br>Visibility: 10000 m </br>Humidity: 41 % </br>Wind Speed: 2.94 m/s </br>Datetime: 2024-07-22 15:00:00 </br>","2024-07-22 15:00:00"
"Paris",2.3522,48.8566,22.48,51,1809,"medium","<b><a href=''>Paris</a></b></br><b>Clouds</b></br>","<b><a href=''>Paris</a></b></br><b>Clouds</b></br>Temperature: 22.48 C </br>Visibility: 10000 m </br>Humidity: 51 % </br>Wind Speed: 2.98 m/s </br>Datetime: 2024-07-22 18:00:00 </br>","2024-07-22 18:00:00"
"Paris",2.3522,48.8566,20.89,58,1362,"medium","<b><a href=''>Paris</a></b></br><b>Clouds</b></br>","<b><a href=''>Paris</a></b></br><b>Clouds</b></br>Temperature: 20.89 C </br>Visibility: 10000 m </br>Humidity: 58 % </br>Wind Speed: 1.18 m/s </br>Datetime: 2024-07-22 21:00:00 </br>","2024-07-22 21:00:00"
"Paris",2.3522,48.8566,20.09,63,874,"small","<b><a href=''>Paris</a></b></br><b>Clouds</b></br>","<b><a href=''>Paris</a></b></br><b>Clouds</b></br>Temperature: 20.09 C </br>Visibility: 10000 m </br>Humidity: 63 % </br>Wind Speed: 1.3 m/s </br>Datetime: 2024-07-23 00:00:00 </br>","2024-07-23 00:00:00"
"Paris",2.3522,48.8566,18.96,76,438,"small","<b><a href=''>Paris</a></b></br><b>Rain</b></br>","<b><a href=''>Paris</a></b></br><b>Rain</b></br>Temperature: 18.96 C </br>Visibility: 10000 m </br>Humidity: 76 % </br>Wind Speed: 1.81 m/s </br>Datetime: 2024-07-23 03:00:00 </br>","2024-07-23 03:00:00"
"Paris",2.3522,48.8566,18.56,78,534,"small","<b><a href=''>Paris</a></b></br><b>Rain</b></br>","<b><a href=''>Paris</a></b></br><b>Rain</b></br>Temperature: 18.56 C </br>Visibility: 10000 m </br>Humidity: 78 % </br>Wind Speed: 1.81 m/s </br>Datetime: 2024-07-23 06:00:00 </br>","2024-07-23 06:00:00"
"Paris",2.3522,48.8566,19.39,78,800,"small","<b><a href=''>Paris</a></b></br><b>Rain</b></br>","<b><a href=''>Paris</a></b></br><b>Rain</b></br>Temperature: 19.39 C </br>Visibility: 10000 m </br>Humidity: 78 % </br>Wind Speed: 2.87 m/s </br>Datetime: 2024-07-23 09:00:00 </br>","2024-07-23 09:00:00"
"Paris",2.3522,48.8566,24.56,44,1061,"medium","<b><a href=''>Paris</a></b></br><b>Rain</b></br>","<b><a href=''>Paris</a></b></br><b>Rain</b></br>Temperature: 24.56 C </br>Visibility: 10000 m </br>Humidity: 44 % </br>Wind Speed: 3.58 m/s </br>Datetime: 2024-07-23 12:00:00 </br>","2024-07-23 12:00:00"
"Paris",2.3522,48.8566,23.45,47,1067,"medium","<b><a href=''>Paris</a></b></br><b>Clouds</b></br>","<b><a href=''>Paris</a></b></br><b>Clouds</b></br>Temperature: 23.45 C </br>Visibility: 10000 m </br>Humidity: 47 % </br>Wind Speed: 3.31 m/s </br>Datetime: 2024-07-23 15:00:00 </br>","2024-07-23 15:00:00"
"London",-0.1275,51.5072,27.08,47,1959,"medium","<b><a href=''>London</a></b></br><b>Clouds</b></br>","<b><a href=''>London</a></b></br><b>Clouds</b></br>Temperature: 27.08 C </br>Visibility: 10000 m </br>Humidity: 47 % </br>Wind Speed: 3.17 m/s </br>Datetime: 2024-07-18 18:00:00 </br>","2024-07-18 18:00:00"
"London",-0.1275,51.5072,25.01,57,1475,"medium","<b><a href=''>London</a></b></br><b>Clouds</b></br>","<b><a href=''>London</a></b></br><b>Clouds</b></br>Temperature: 25.01 C </br>Visibility: 10000 m </br>Humidity: 57 % </br>Wind Speed: 1.69 m/s </br>Datetime: 2024-07-18 21:00:00 </br>","2024-07-18 21:00:00"
"London",-0.1275,51.5072,22.26,66,903,"small","<b><a href=''>London</a></b></br><b>Clouds</b></br>","<b><a href=''>London</a></b></br><b>Clouds</b></br>Temperature: 22.26 C </br>Visibility: 10000 m </br>Humidity: 66 % </br>Wind Speed: 1.4 m/s </br>Datetime: 2024-07-19 00:00:00 </br>","2024-07-19 00:00:00"
"London",-0.1275,51.5072,18.7,77,421,"small","<b><a href=''>London</a></b></br><b>Clouds</b></br>","<b><a href=''>London</a></b></br><b>Clouds</b></br>Temperature: 18.7 C </br>Visibility: 10000 m </br>Humidity: 77 % </br>Wind Speed: 0.84 m/s </br>Datetime: 2024-07-19 03:00:00 </br>","2024-07-19 03:00:00"
"London",-0.1275,51.5072,19.84,75,589,"small","<b><a href=''>London</a></b></br><b>Clouds</b></br>","<b><a href=''>London</a></b></br><b>Clouds</b></br>Temperature: 19.84 C </br>Visibility: 10000 m </br>Humidity: 75 % </br>Wind Speed: 0.83 m/s </br>Datetime: 2024-07-19 06:00:00 </br>","2024-07-19 06:00:00"
"London",-0.1275,51.5072,24.8,59,1095,"medium","<b><a href=''>London</a></b></br><b>Clouds</b></br>","<b><a href=''>London</a></b></br><b>Clouds</b></br>Temperature: 24.8 C </br>Visibility: 10000 m </br>Humidity: 59 % </br>Wind Speed: 2.43 m/s </br>Datetime: 2024-07-19 09:00:00 </br>","2024-07-19 09:00:00"
"London",-0.1275,51.5072,28.4,46,1140,"medium","<b><a href=''>London</a></b></br><b>Clouds</b></br>","<b><a href=''>London</a></b></br><b>Clouds</b></br>Temperature: 28.4 C </br>Visibility: 10000 m </br>Humidity: 46 % </br>Wind Speed: 3.31 m/s </br>Datetime: 2024-07-19 12:00:00 </br>","2024-07-19 12:00:00"
"London",-0.1275,51.5072,29.21,40,1273,"medium","<b><a href=''>London</a></b></br><b>Clear</b></br>","<b><a href=''>London</a></b></br><b>Clear</b></br>Temperature: 29.21 C </br>Visibility: 10000 m </br>Humidity: 40 % </br>Wind Speed: 4.32 m/s </br>Datetime: 2024-07-19 15:00:00 </br>","2024-07-19 15:00:00"
"London",-0.1275,51.5072,26.18,49,1922,"medium","<b><a href=''>London</a></b></br><b>Clear</b></br>","<b><a href=''>London</a></b></br><b>Clear</b></br>Temperature: 26.18 C </br>Visibility: 10000 m </br>Humidity: 49 % </br>Wind Speed: 4.17 m/s </br>Datetime: 2024-07-19 18:00:00 </br>","2024-07-19 18:00:00"
"London",-0.1275,51.5072,21.39,60,1361,"medium","<b><a href=''>London</a></b></br><b>Clouds</b></br>","<b><a href=''>London</a></b></br><b>Clouds</b></br>Temperature: 21.39 C </br>Visibility: 10000 m </br>Humidity: 60 % </br>Wind Speed: 2.86 m/s </br>Datetime: 2024-07-19 21:00:00 </br>","2024-07-19 21:00:00"
"London",-0.1275,51.5072,18.9,68,804,"small","<b><a href=''>London</a></b></br><b>Clouds</b></br>","<b><a href=''>London</a></b></br><b>Clouds</b></br>Temperature: 18.9 C </br>Visibility: 10000 m </br>Humidity: 68 % </br>Wind Speed: 2.15 m/s </br>Datetime: 2024-07-20 00:00:00 </br>","2024-07-20 00:00:00"
"London",-0.1275,51.5072,17.76,77,400,"small","<b><a href=''>London</a></b></br><b>Clouds</b></br>","<b><a href=''>London</a></b></br><b>Clouds</b></br>Temperature: 17.76 C </br>Visibility: 10000 m </br>Humidity: 77 % </br>Wind Speed: 2.09 m/s </br>Datetime: 2024-07-20 03:00:00 </br>","2024-07-20 03:00:00"
"London",-0.1275,51.5072,18.22,81,502,"small","<b><a href=''>London</a></b></br><b>Clouds</b></br>","<b><a href=''>London</a></b></br><b>Clouds</b></br>Temperature: 18.22 C </br>Visibility: 10000 m </br>Humidity: 81 % </br>Wind Speed: 2.43 m/s </br>Datetime: 2024-07-20 06:00:00 </br>","2024-07-20 06:00:00"
"London",-0.1275,51.5072,22.5,64,997,"small","<b><a href=''>London</a></b></br><b>Clouds</b></br>","<b><a href=''>London</a></b></br><b>Clouds</b></br>Temperature: 22.5 C </br>Visibility: 10000 m </br>Humidity: 64 % </br>Wind Speed: 2.98 m/s </br>Datetime: 2024-07-20 09:00:00 </br>","2024-07-20 09:00:00"
"London",-0.1275,51.5072,24.61,58,944,"small","<b><a href=''>London</a></b></br><b>Clouds</b></br>","<b><a href=''>London</a></b></br><b>Clouds</b></br>Temperature: 24.61 C </br>Visibility: 10000 m </br>Humidity: 58 % </br>Wind Speed: 3.88 m/s </br>Datetime: 2024-07-20 12:00:00 </br>","2024-07-20 12:00:00"
"London",-0.1275,51.5072,24.93,56,1032,"medium","<b><a href=''>London</a></b></br><b>Clouds</b></br>","<b><a href=''>London</a></b></br><b>Clouds</b></br>Temperature: 24.93 C </br>Visibility: 10000 m </br>Humidity: 56 % </br>Wind Speed: 4.93 m/s </br>Datetime: 2024-07-20 15:00:00 </br>","2024-07-20 15:00:00"
"London",-0.1275,51.5072,23.38,61,1749,"medium","<b><a href=''>London</a></b></br><b>Clouds</b></br>","<b><a href=''>London</a></b></br><b>Clouds</b></br>Temperature: 23.38 C </br>Visibility: 10000 m </br>Humidity: 61 % </br>Wind Speed: 3.86 m/s </br>Datetime: 2024-07-20 18:00:00 </br>","2024-07-20 18:00:00"
"London",-0.1275,51.5072,20.28,74,1214,"medium","<b><a href=''>London</a></b></br><b>Clouds</b></br>","<b><a href=''>London</a></b></br><b>Clouds</b></br>Temperature: 20.28 C </br>Visibility: 10000 m </br>Humidity: 74 % </br>Wind Speed: 2.55 m/s </br>Datetime: 2024-07-20 21:00:00 </br>","2024-07-20 21:00:00"
"London",-0.1275,51.5072,18.13,88,615,"small","<b><a href=''>London</a></b></br><b>Rain</b></br>","<b><a href=''>London</a></b></br><b>Rain</b></br>Temperature: 18.13 C </br>Visibility: 10000 m </br>Humidity: 88 % </br>Wind Speed: 2.28 m/s </br>Datetime: 2024-07-21 00:00:00 </br>","2024-07-21 00:00:00"
"London",-0.1275,51.5072,17.08,95,232,"small","<b><a href=''>London</a></b></br><b>Rain</b></br>","<b><a href=''>London</a></b></br><b>Rain</b></br>Temperature: 17.08 C </br>Visibility: 10000 m </br>Humidity: 95 % </br>Wind Speed: 2.51 m/s </br>Datetime: 2024-07-21 03:00:00 </br>","2024-07-21 03:00:00"
"London",-0.1275,51.5072,17.15,90,399,"small","<b><a href=''>London</a></b></br><b>Clouds</b></br>","<b><a href=''>London</a></b></br><b>Clouds</b></br>Temperature: 17.15 C </br>Visibility: 10000 m </br>Humidity: 90 % </br>Wind Speed: 2.56 m/s </br>Datetime: 2024-07-21 06:00:00 </br>","2024-07-21 06:00:00"
"London",-0.1275,51.5072,18.22,85,710,"small","<b><a href=''>London</a></b></br><b>Rain</b></br>","<b><a href=''>London</a></b></br><b>Rain</b></br>Temperature: 18.22 C </br>Visibility: 10000 m </br>Humidity: 85 % </br>Wind Speed: 2.57 m/s </br>Datetime: 2024-07-21 09:00:00 </br>","2024-07-21 09:00:00"
"London",-0.1275,51.5072,20.2,73,706,"small","<b><a href=''>London</a></b></br><b>Rain</b></br>","<b><a href=''>London</a></b></br><b>Rain</b></br>Temperature: 20.2 C </br>Visibility: 10000 m </br>Humidity: 73 % </br>Wind Speed: 3.81 m/s </br>Datetime: 2024-07-21 12:00:00 </br>","2024-07-21 12:00:00"
"London",-0.1275,51.5072,18.96,62,828,"small","<b><a href=''>London</a></b></br><b>Rain</b></br>","<b><a href=''>London</a></b></br><b>Rain</b></br>Temperature: 18.96 C </br>Visibility: 10000 m </br>Humidity: 62 % </br>Wind Speed: 3.65 m/s </br>Datetime: 2024-07-21 15:00:00 </br>","2024-07-21 15:00:00"
"London",-0.1275,51.5072,18.46,65,1590,"medium","<b><a href=''>London</a></b></br><b>Clouds</b></br>","<b><a href=''>London</a></b></br><b>Clouds</b></br>Temperature: 18.46 C </br>Visibility: 10000 m </br>Humidity: 65 % </br>Wind Speed: 3.24 m/s </br>Datetime: 2024-07-21 18:00:00 </br>","2024-07-21 18:00:00"
"London",-0.1275,51.5072,17,73,1140,"medium","<b><a href=''>London</a></b></br><b>Clouds</b></br>","<b><a href=''>London</a></b></br><b>Clouds</b></br>Temperature: 17 C </br>Visibility: 10000 m </br>Humidity: 73 % </br>Wind Speed: 2.41 m/s </br>Datetime: 2024-07-21 21:00:00 </br>","2024-07-21 21:00:00"
"London",-0.1275,51.5072,15.18,74,661,"small","<b><a href=''>London</a></b></br><b>Clouds</b></br>","<b><a href=''>London</a></b></br><b>Clouds</b></br>Temperature: 15.18 C </br>Visibility: 10000 m </br>Humidity: 74 % </br>Wind Speed: 2.71 m/s </br>Datetime: 2024-07-22 00:00:00 </br>","2024-07-22 00:00:00"
"London",-0.1275,51.5072,13.72,83,248,"small","<b><a href=''>London</a></b></br><b>Clear</b></br>","<b><a href=''>London</a></b></br><b>Clear</b></br>Temperature: 13.72 C </br>Visibility: 10000 m </br>Humidity: 83 % </br>Wind Speed: 2.3 m/s </br>Datetime: 2024-07-22 03:00:00 </br>","2024-07-22 03:00:00"
"London",-0.1275,51.5072,14.36,79,422,"small","<b><a href=''>London</a></b></br><b>Clear</b></br>","<b><a href=''>London</a></b></br><b>Clear</b></br>Temperature: 14.36 C </br>Visibility: 10000 m </br>Humidity: 79 % </br>Wind Speed: 2.49 m/s </br>Datetime: 2024-07-22 06:00:00 </br>","2024-07-22 06:00:00"
"London",-0.1275,51.5072,18.86,58,956,"small","<b><a href=''>London</a></b></br><b>Clear</b></br>","<b><a href=''>London</a></b></br><b>Clear</b></br>Temperature: 18.86 C </br>Visibility: 10000 m </br>Humidity: 58 % </br>Wind Speed: 3.17 m/s </br>Datetime: 2024-07-22 09:00:00 </br>","2024-07-22 09:00:00"
"London",-0.1275,51.5072,20.42,59,832,"small","<b><a href=''>London</a></b></br><b>Clouds</b></br>","<b><a href=''>London</a></b></br><b>Clouds</b></br>Temperature: 20.42 C </br>Visibility: 10000 m </br>Humidity: 59 % </br>Wind Speed: 4.66 m/s </br>Datetime: 2024-07-22 12:00:00 </br>","2024-07-22 12:00:00"
"London",-0.1275,51.5072,20.86,63,871,"small","<b><a href=''>London</a></b></br><b>Clouds</b></br>","<b><a href=''>London</a></b></br><b>Clouds</b></br>Temperature: 20.86 C </br>Visibility: 10000 m </br>Humidity: 63 % </br>Wind Speed: 5.09 m/s </br>Datetime: 2024-07-22 15:00:00 </br>","2024-07-22 15:00:00"
"London",-0.1275,51.5072,19.34,73,1549,"medium","<b><a href=''>London</a></b></br><b>Clouds</b></br>","<b><a href=''>London</a></b></br><b>Clouds</b></br>Temperature: 19.34 C </br>Visibility: 10000 m </br>Humidity: 73 % </br>Wind Speed: 4.82 m/s </br>Datetime: 2024-07-22 18:00:00 </br>","2024-07-22 18:00:00"
"London",-0.1275,51.5072,17.1,86,1036,"medium","<b><a href=''>London</a></b></br><b>Clouds</b></br>","<b><a href=''>London</a></b></br><b>Clouds</b></br>Temperature: 17.1 C </br>Visibility: 10000 m </br>Humidity: 86 % </br>Wind Speed: 3.81 m/s </br>Datetime: 2024-07-22 21:00:00 </br>","2024-07-22 21:00:00"
"London",-0.1275,51.5072,16.52,85,602,"small","<b><a href=''>London</a></b></br><b>Clouds</b></br>","<b><a href=''>London</a></b></br><b>Clouds</b></br>Temperature: 16.52 C </br>Visibility: 10000 m </br>Humidity: 85 % </br>Wind Speed: 3.14 m/s </br>Datetime: 2024-07-23 00:00:00 </br>","2024-07-23 00:00:00"
"London",-0.1275,51.5072,15.87,91,237,"small","<b><a href=''>London</a></b></br><b>Rain</b></br>","<b><a href=''>London</a></b></br><b>Rain</b></br>Temperature: 15.87 C </br>Visibility: 10000 m </br>Humidity: 91 % </br>Wind Speed: 3.08 m/s </br>Datetime: 2024-07-23 03:00:00 </br>","2024-07-23 03:00:00"
"London",-0.1275,51.5072,14.84,85,385,"small","<b><a href=''>London</a></b></br><b>Clouds</b></br>","<b><a href=''>London</a></b></br><b>Clouds</b></br>Temperature: 14.84 C </br>Visibility: 10000 m </br>Humidity: 85 % </br>Wind Speed: 3.18 m/s </br>Datetime: 2024-07-23 06:00:00 </br>","2024-07-23 06:00:00"
"London",-0.1275,51.5072,18.07,67,861,"small","<b><a href=''>London</a></b></br><b>Clouds</b></br>","<b><a href=''>London</a></b></br><b>Clouds</b></br>Temperature: 18.07 C </br>Visibility: 10000 m </br>Humidity: 67 % </br>Wind Speed: 3.35 m/s </br>Datetime: 2024-07-23 09:00:00 </br>","2024-07-23 09:00:00"
"London",-0.1275,51.5072,22.14,47,973,"small","<b><a href=''>London</a></b></br><b>Clouds</b></br>","<b><a href=''>London</a></b></br><b>Clouds</b></br>Temperature: 22.14 C </br>Visibility: 10000 m </br>Humidity: 47 % </br>Wind Speed: 3.23 m/s </br>Datetime: 2024-07-23 12:00:00 </br>","2024-07-23 12:00:00"
"London",-0.1275,51.5072,23.71,41,1124,"medium","<b><a href=''>London</a></b></br><b>Clouds</b></br>","<b><a href=''>London</a></b></br><b>Clouds</b></br>Temperature: 23.71 C </br>Visibility: 10000 m </br>Humidity: 41 % </br>Wind Speed: 3.24 m/s </br>Datetime: 2024-07-23 15:00:00 </br>","2024-07-23 15:00:00"
"Suzhou",120.6164,31.304,25.4,91,1544,"medium","<b><a href=''>Suzhou</a></b></br><b>Clouds</b></br>","<b><a href=''>Suzhou</a></b></br><b>Clouds</b></br>Temperature: 25.4 C </br>Visibility: 10000 m </br>Humidity: 91 % </br>Wind Speed: 2.96 m/s </br>Datetime: 2024-07-18 18:00:00 </br>","2024-07-18 18:00:00"
"Suzhou",120.6164,31.304,25.4,92,1191,"medium","<b><a href=''>Suzhou</a></b></br><b>Clouds</b></br>","<b><a href=''>Suzhou</a></b></br><b>Clouds</b></br>Temperature: 25.4 C </br>Visibility: 10000 m </br>Humidity: 92 % </br>Wind Speed: 2.67 m/s </br>Datetime: 2024-07-18 21:00:00 </br>","2024-07-18 21:00:00"
"Suzhou",120.6164,31.304,28.18,83,913,"small","<b><a href=''>Suzhou</a></b></br><b>Clouds</b></br>","<b><a href=''>Suzhou</a></b></br><b>Clouds</b></br>Temperature: 28.18 C </br>Visibility: 10000 m </br>Humidity: 83 % </br>Wind Speed: 3.11 m/s </br>Datetime: 2024-07-19 00:00:00 </br>","2024-07-19 00:00:00"
"Suzhou",120.6164,31.304,33.64,63,920,"small","<b><a href=''>Suzhou</a></b></br><b>Clouds</b></br>","<b><a href=''>Suzhou</a></b></br><b>Clouds</b></br>Temperature: 33.64 C </br>Visibility: 10000 m </br>Humidity: 63 % </br>Wind Speed: 2.74 m/s </br>Datetime: 2024-07-19 03:00:00 </br>","2024-07-19 03:00:00"
"Suzhou",120.6164,31.304,35.17,56,1140,"medium","<b><a href=''>Suzhou</a></b></br><b>Clouds</b></br>","<b><a href=''>Suzhou</a></b></br><b>Clouds</b></br>Temperature: 35.17 C </br>Visibility: 10000 m </br>Humidity: 56 % </br>Wind Speed: 2.68 m/s </br>Datetime: 2024-07-19 06:00:00 </br>","2024-07-19 06:00:00"
"Suzhou",120.6164,31.304,34.9,62,1324,"medium","<b><a href=''>Suzhou</a></b></br><b>Clouds</b></br>","<b><a href=''>Suzhou</a></b></br><b>Clouds</b></br>Temperature: 34.9 C </br>Visibility: 10000 m </br>Humidity: 62 % </br>Wind Speed: 2.13 m/s </br>Datetime: 2024-07-19 09:00:00 </br>","2024-07-19 09:00:00"
"Suzhou",120.6164,31.304,30.26,79,907,"small","<b><a href=''>Suzhou</a></b></br><b>Clouds</b></br>","<b><a href=''>Suzhou</a></b></br><b>Clouds</b></br>Temperature: 30.26 C </br>Visibility: 10000 m </br>Humidity: 79 % </br>Wind Speed: 2.95 m/s </br>Datetime: 2024-07-19 12:00:00 </br>","2024-07-19 12:00:00"
"Suzhou",120.6164,31.304,29.01,80,925,"small","<b><a href=''>Suzhou</a></b></br><b>Clouds</b></br>","<b><a href=''>Suzhou</a></b></br><b>Clouds</b></br>Temperature: 29.01 C </br>Visibility: 10000 m </br>Humidity: 80 % </br>Wind Speed: 2.26 m/s </br>Datetime: 2024-07-19 15:00:00 </br>","2024-07-19 15:00:00"
"Suzhou",120.6164,31.304,28.38,84,1676,"medium","<b><a href=''>Suzhou</a></b></br><b>Clouds</b></br>","<b><a href=''>Suzhou</a></b></br><b>Clouds</b></br>Temperature: 28.38 C </br>Visibility: 10000 m </br>Humidity: 84 % </br>Wind Speed: 1.93 m/s </br>Datetime: 2024-07-19 18:00:00 </br>","2024-07-19 18:00:00"
"Suzhou",120.6164,31.304,28.27,81,1357,"medium","<b><a href=''>Suzhou</a></b></br><b>Clouds</b></br>","<b><a href=''>Suzhou</a></b></br><b>Clouds</b></br>Temperature: 28.27 C </br>Visibility: 10000 m </br>Humidity: 81 % </br>Wind Speed: 2.86 m/s </br>Datetime: 2024-07-19 21:00:00 </br>","2024-07-19 21:00:00"
"Suzhou",120.6164,31.304,30.07,73,1047,"medium","<b><a href=''>Suzhou</a></b></br><b>Clouds</b></br>","<b><a href=''>Suzhou</a></b></br><b>Clouds</b></br>Temperature: 30.07 C </br>Visibility: 10000 m </br>Humidity: 73 % </br>Wind Speed: 3.92 m/s </br>Datetime: 2024-07-20 00:00:00 </br>","2024-07-20 00:00:00"
"Suzhou",120.6164,31.304,35.02,57,1009,"medium","<b><a href=''>Suzhou</a></b></br><b>Clouds</b></br>","<b><a href=''>Suzhou</a></b></br><b>Clouds</b></br>Temperature: 35.02 C </br>Visibility: 10000 m </br>Humidity: 57 % </br>Wind Speed: 4.44 m/s </br>Datetime: 2024-07-20 03:00:00 </br>","2024-07-20 03:00:00"
"Suzhou",120.6164,31.304,37.19,49,1251,"medium","<b><a href=''>Suzhou</a></b></br><b>Clouds</b></br>","<b><a href=''>Suzhou</a></b></br><b>Clouds</b></br>Temperature: 37.19 C </br>Visibility: 10000 m </br>Humidity: 49 % </br>Wind Speed: 3.12 m/s </br>Datetime: 2024-07-20 06:00:00 </br>","2024-07-20 06:00:00"
"Suzhou",120.6164,31.304,30.17,78,1080,"medium","<b><a href=''>Suzhou</a></b></br><b>Rain</b></br>","<b><a href=''>Suzhou</a></b></br><b>Rain</b></br>Temperature: 30.17 C </br>Visibility: 10000 m </br>Humidity: 78 % </br>Wind Speed: 6.52 m/s </br>Datetime: 2024-07-20 09:00:00 </br>","2024-07-20 09:00:00"
"Suzhou",120.6164,31.304,26.52,89,733,"small","<b><a href=''>Suzhou</a></b></br><b>Rain</b></br>","<b><a href=''>Suzhou</a></b></br><b>Rain</b></br>Temperature: 26.52 C </br>Visibility: 10000 m </br>Humidity: 89 % </br>Wind Speed: 5.06 m/s </br>Datetime: 2024-07-20 12:00:00 </br>","2024-07-20 12:00:00"
"Suzhou",120.6164,31.304,25.86,90,765,"small","<b><a href=''>Suzhou</a></b></br><b>Rain</b></br>","<b><a href=''>Suzhou</a></b></br><b>Rain</b></br>Temperature: 25.86 C </br>Visibility: 10000 m </br>Humidity: 90 % </br>Wind Speed: 3.89 m/s </br>Datetime: 2024-07-20 15:00:00 </br>","2024-07-20 15:00:00"
"Suzhou",120.6164,31.304,26.16,93,1545,"medium","<b><a href=''>Suzhou</a></b></br><b>Rain</b></br>","<b><a href=''>Suzhou</a></b></br><b>Rain</b></br>Temperature: 26.16 C </br>Visibility: 10000 m </br>Humidity: 93 % </br>Wind Speed: 2.17 m/s </br>Datetime: 2024-07-20 18:00:00 </br>","2024-07-20 18:00:00"
"Suzhou",120.6164,31.304,26.8,93,1215,"medium","<b><a href=''>Suzhou</a></b></br><b>Clouds</b></br>","<b><a href=''>Suzhou</a></b></br><b>Clouds</b></br>Temperature: 26.8 C </br>Visibility: 10000 m </br>Humidity: 93 % </br>Wind Speed: 1.4 m/s </br>Datetime: 2024-07-20 21:00:00 </br>","2024-07-20 21:00:00"
"Suzhou",120.6164,31.304,28.3,88,873,"small","<b><a href=''>Suzhou</a></b></br><b>Clouds</b></br>","<b><a href=''>Suzhou</a></b></br><b>Clouds</b></br>Temperature: 28.3 C </br>Visibility: 10000 m </br>Humidity: 88 % </br>Wind Speed: 2.81 m/s </br>Datetime: 2024-07-21 00:00:00 </br>","2024-07-21 00:00:00"
"Suzhou",120.6164,31.304,32.45,69,841,"small","<b><a href=''>Suzhou</a></b></br><b>Clouds</b></br>","<b><a href=''>Suzhou</a></b></br><b>Clouds</b></br>Temperature: 32.45 C </br>Visibility: 10000 m </br>Humidity: 69 % </br>Wind Speed: 3.57 m/s </br>Datetime: 2024-07-21 03:00:00 </br>","2024-07-21 03:00:00"
"Suzhou",120.6164,31.304,35.78,55,1168,"medium","<b><a href=''>Suzhou</a></b></br><b>Clouds</b></br>","<b><a href=''>Suzhou</a></b></br><b>Clouds</b></br>Temperature: 35.78 C </br>Visibility: 10000 m </br>Humidity: 55 % </br>Wind Speed: 4.3 m/s </br>Datetime: 2024-07-21 06:00:00 </br>","2024-07-21 06:00:00"
"Suzhou",120.6164,31.304,34.62,61,1328,"medium","<b><a href=''>Suzhou</a></b></br><b>Clouds</b></br>","<b><a href=''>Suzhou</a></b></br><b>Clouds</b></br>Temperature: 34.62 C </br>Visibility: 10000 m </br>Humidity: 61 % </br>Wind Speed: 3.2 m/s </br>Datetime: 2024-07-21 09:00:00 </br>","2024-07-21 09:00:00"
"Suzhou",120.6164,31.304,29.92,76,924,"small","<b><a href=''>Suzhou</a></b></br><b>Clouds</b></br>","<b><a href=''>Suzhou</a></b></br><b>Clouds</b></br>Temperature: 29.92 C </br>Visibility: 10000 m </br>Humidity: 76 % </br>Wind Speed: 3.11 m/s </br>Datetime: 2024-07-21 12:00:00 </br>","2024-07-21 12:00:00"
"Suzhou",120.6164,31.304,28.09,84,870,"small","<b><a href=''>Suzhou</a></b></br><b>Clouds</b></br>","<b><a href=''>Suzhou</a></b></br><b>Clouds</b></br>Temperature: 28.09 C </br>Visibility: 10000 m </br>Humidity: 84 % </br>Wind Speed: 2.86 m/s </br>Datetime: 2024-07-21 15:00:00 </br>","2024-07-21 15:00:00"
"Suzhou",120.6164,31.304,27.16,86,1631,"medium","<b><a href=''>Suzhou</a></b></br><b>Clouds</b></br>","<b><a href=''>Suzhou</a></b></br><b>Clouds</b></br>Temperature: 27.16 C </br>Visibility: 10000 m </br>Humidity: 86 % </br>Wind Speed: 2.78 m/s </br>Datetime: 2024-07-21 18:00:00 </br>","2024-07-21 18:00:00"
"Suzhou",120.6164,31.304,26.58,89,1248,"medium","<b><a href=''>Suzhou</a></b></br><b>Clouds</b></br>","<b><a href=''>Suzhou</a></b></br><b>Clouds</b></br>Temperature: 26.58 C </br>Visibility: 10000 m </br>Humidity: 89 % </br>Wind Speed: 3.24 m/s </br>Datetime: 2024-07-21 21:00:00 </br>","2024-07-21 21:00:00"
"Suzhou",120.6164,31.304,30.31,75,1036,"medium","<b><a href=''>Suzhou</a></b></br><b>Clouds</b></br>","<b><a href=''>Suzhou</a></b></br><b>Clouds</b></br>Temperature: 30.31 C </br>Visibility: 10000 m </br>Humidity: 75 % </br>Wind Speed: 4.07 m/s </br>Datetime: 2024-07-22 00:00:00 </br>","2024-07-22 00:00:00"
"Suzhou",120.6164,31.304,34.82,59,987,"small","<b><a href=''>Suzhou</a></b></br><b>Clouds</b></br>","<b><a href=''>Suzhou</a></b></br><b>Clouds</b></br>Temperature: 34.82 C </br>Visibility: 10000 m </br>Humidity: 59 % </br>Wind Speed: 4.23 m/s </br>Datetime: 2024-07-22 03:00:00 </br>","2024-07-22 03:00:00"
"Suzhou",120.6164,31.304,36.95,51,1229,"medium","<b><a href=''>Suzhou</a></b></br><b>Clouds</b></br>","<b><a href=''>Suzhou</a></b></br><b>Clouds</b></br>Temperature: 36.95 C </br>Visibility: 10000 m </br>Humidity: 51 % </br>Wind Speed: 3.36 m/s </br>Datetime: 2024-07-22 06:00:00 </br>","2024-07-22 06:00:00"
"Suzhou",120.6164,31.304,35.99,56,1402,"medium","<b><a href=''>Suzhou</a></b></br><b>Clouds</b></br>","<b><a href=''>Suzhou</a></b></br><b>Clouds</b></br>Temperature: 35.99 C </br>Visibility: 10000 m </br>Humidity: 56 % </br>Wind Speed: 2.15 m/s </br>Datetime: 2024-07-22 09:00:00 </br>","2024-07-22 09:00:00"
"Suzhou",120.6164,31.304,28.03,80,843,"small","<b><a href=''>Suzhou</a></b></br><b>Rain</b></br>","<b><a href=''>Suzhou</a></b></br><b>Rain</b></br>Temperature: 28.03 C </br>Visibility: 10000 m </br>Humidity: 80 % </br>Wind Speed: 3.15 m/s </br>Datetime: 2024-07-22 12:00:00 </br>","2024-07-22 12:00:00"
"Suzhou",120.6164,31.304,28.36,81,902,"small","<b><a href=''>Suzhou</a></b></br><b>Clouds</b></br>","<b><a href=''>Suzhou</a></b></br><b>Clouds</b></br>Temperature: 28.36 C </br>Visibility: 10000 m </br>Humidity: 81 % </br>Wind Speed: 2.97 m/s </br>Datetime: 2024-07-22 15:00:00 </br>","2024-07-22 15:00:00"
"Suzhou",120.6164,31.304,27.26,85,1643,"medium","<b><a href=''>Suzhou</a></b></br><b>Clouds</b></br>","<b><a href=''>Suzhou</a></b></br><b>Clouds</b></br>Temperature: 27.26 C </br>Visibility: 10000 m </br>Humidity: 85 % </br>Wind Speed: 3.28 m/s </br>Datetime: 2024-07-22 18:00:00 </br>","2024-07-22 18:00:00"
"Suzhou",120.6164,31.304,26.78,85,1286,"medium","<b><a href=''>Suzhou</a></b></br><b>Clouds</b></br>","<b><a href=''>Suzhou</a></b></br><b>Clouds</b></br>Temperature: 26.78 C </br>Visibility: 10000 m </br>Humidity: 85 % </br>Wind Speed: 3.12 m/s </br>Datetime: 2024-07-22 21:00:00 </br>","2024-07-22 21:00:00"
"Suzhou",120.6164,31.304,29.66,73,1037,"medium","<b><a href=''>Suzhou</a></b></br><b>Clouds</b></br>","<b><a href=''>Suzhou</a></b></br><b>Clouds</b></br>Temperature: 29.66 C </br>Visibility: 10000 m </br>Humidity: 73 % </br>Wind Speed: 4.26 m/s </br>Datetime: 2024-07-23 00:00:00 </br>","2024-07-23 00:00:00"
"Suzhou",120.6164,31.304,33.68,57,976,"small","<b><a href=''>Suzhou</a></b></br><b>Clouds</b></br>","<b><a href=''>Suzhou</a></b></br><b>Clouds</b></br>Temperature: 33.68 C </br>Visibility: 10000 m </br>Humidity: 57 % </br>Wind Speed: 4.52 m/s </br>Datetime: 2024-07-23 03:00:00 </br>","2024-07-23 03:00:00"
"Suzhou",120.6164,31.304,35.31,50,1198,"medium","<b><a href=''>Suzhou</a></b></br><b>Clouds</b></br>","<b><a href=''>Suzhou</a></b></br><b>Clouds</b></br>Temperature: 35.31 C </br>Visibility: 10000 m </br>Humidity: 50 % </br>Wind Speed: 4.01 m/s </br>Datetime: 2024-07-23 06:00:00 </br>","2024-07-23 06:00:00"
"Suzhou",120.6164,31.304,33.68,57,1340,"medium","<b><a href=''>Suzhou</a></b></br><b>Clouds</b></br>","<b><a href=''>Suzhou</a></b></br><b>Clouds</b></br>Temperature: 33.68 C </br>Visibility: 10000 m </br>Humidity: 57 % </br>Wind Speed: 4.27 m/s </br>Datetime: 2024-07-23 09:00:00 </br>","2024-07-23 09:00:00"
"Suzhou",120.6164,31.304,28.91,78,886,"small","<b><a href=''>Suzhou</a></b></br><b>Clouds</b></br>","<b><a href=''>Suzhou</a></b></br><b>Clouds</b></br>Temperature: 28.91 C </br>Visibility: 10000 m </br>Humidity: 78 % </br>Wind Speed: 5.08 m/s </br>Datetime: 2024-07-23 12:00:00 </br>","2024-07-23 12:00:00"
"Suzhou",120.6164,31.304,27.91,77,934,"small","<b><a href=''>Suzhou</a></b></br><b>Clouds</b></br>","<b><a href=''>Suzhou</a></b></br><b>Clouds</b></br>Temperature: 27.91 C </br>Visibility: 10000 m </br>Humidity: 77 % </br>Wind Speed: 6.7 m/s </br>Datetime: 2024-07-23 15:00:00 </br>","2024-07-23 15:00:00"
