"Country","City / Region","Name","System","Operator","Launched","Discontinued"
"Albania","Tirana[5]","Ecovolis","","","March 2011","Discontinued"
"Argentina","Buenos Aires[6][7]","Ecobici","Serttel Brasil[8]","Bike In Baires Consortium[9]","2010",""
"Argentina","Mendoza[10]","Metrobici","","","2014",""
"Argentina","Rosario","Mi Bici Tu Bici[11]","","","2 December 2015",""
"Argentina","San Lorenzo, Santa Fe","Biciudad","Biciudad","","27 November 2016",""
"Australia","Melbourne[12]","Melbourne Bike Share","PBSC & 8D","Motivate","June 2010","30 November 2019[13]"
"Australia","Melbourne[12]","oBike","4 Gen. oBike","","July 2017","July 2018"
"Australia","Brisbane[14][15]","CityCycle","3 Gen. Cyclocity","JCDecaux","September 2010",""
"Australia","Sydney","Reddy Go","Reddy Go","","July 2017",""
"Australia","Australia","oBike","4 Gen. oBike","","July 2017","July 2018"
"Australia","Australia","Ofo","4 Gen. Ofo","","October 2017","Discontinued"
"Austria","Burgenland","nextbike[16]","3 Gen. nextbike","","2009",""
"Austria","Innsbruck","nextbike[16]","","","",""
"Austria","Klagenfurt am Wörthersee","nextbike[16]","","","",""
"Austria","Kufstein","nextbike[16]","","","",""
"Austria","Lower Austria[17]","nextbike[16]","3 Gen. nextbike","","2009",""
"Austria","Salzburg","nextbike[16]","3 Gen. nextbike","","2011",""
"Austria","Vienna","Citybike Wien[18]","3 Gen. Cyclocity","JCDecaux Gewista","June 2003",""
"Austria","Austria","nextbike[16]","","","",""
"Austria","Austria","Viennabike","2 Gen.","Association and city council","April 2002","November 2002"
"Austria","Vorarlberg","nextbike","3 Gen. nextbike","","2009","Discontinued"
"Bangladesh","Dhaka","JoBike","JoBike","","2018",""
"Belgium","Antwerp","Velo Antwerp[19]","3 Gen. Clear CC","Service2Cities (subsidiary of Clear Channel Belgium)","9 June 2011",""
"Belgium","Antwerp","Donkey Republic[20]","","","",""
"Belgium","Brussels[21]","Bolt[22]","","","",""
"Belgium","Belgium","Villo!","3 Gen. Cyclocity","JCDecaux","19 May 2009 (earlier system since 2006)",""
"Belgium","Ghent","Donkey Republic[20]","","","",""
"Belgium","Lille","TIER[23]","","","",""
"Belgium","Namur[24]","Bolt","","","",""
"Belgium","Belgium","Libiavelo","3 Gen. Cyclocity","JCDecaux","21 April 2012",""
"Belgium","Various locations[25]","dBlue-bike","Blue-bike","Blue-Mobility","1 May 2011",""
"Belgium","Various locations","Donkey Republic[20]","","","",""
"Bosnia and Herzegovina","Banja Luka","BL bike[16]","3 Gen. nextbike","nextbike","3 April 2018",""
"Bosnia and Herzegovina","Mostar","nextbike[16]","3 Gen. nextbike","","26 March 2023",""
"Bosnia and Herzegovina","Sarajevo","nextbike[16]","3 Gen. nextbike","","1 June 2016",""
"Bosnia and Herzegovina","Tuzla","nextbike","3 Gen. nextbike","","14 July 2017","1 May 2019"
"Bosnia and Herzegovina","Zenica","nextbike[16]","3 Gen. nextbike","","11 October 2019",""
"Brazil","Belo Horizonte[26]","Bikebh","Mobilicidade","","2014",""
"Brazil","Fortaleza","Bicicletar","Mobilicidade","","15 December 2014",""
"Brazil","João Pessoa[27]","SAMBA","Mobilicidade","","",""
"Brazil","(Pedro de) Toledo[28]","Toopedalando","Toopedalando","","2011",""
"Brazil","Rio de Janeiro[29]","Bike Rio","tembici","","2011",""
"Brazil","Salvador[30]","Bike Salvador","tembici","","2013",""
"Brazil","São Paulo[31]","Bikesampa","tembici","","2012",""
"Brazil","Sorocaba[32]","Integrabike","tembici","","2012",""
"Bulgaria","Burgas","VeloBurgas","Mobilicidade","","2012",""
"Canada","Hamilton[33]","Hamilton Bike Share","Social Bicycles","","20 March 2015",""
"Canada","Kitchener, Ontario[34][35]","Community Access Bicycles","Community Access Bicycles","","2011, relaunched 21 August 2013",""
"Canada","Montreal[36]","BIXI Montréal","PBSC & 8D","","2009",""
"Canada","Quebec City[37]","àVélo","PBSC","","9 July 2021",""
"Canada","Toronto[38]","Bike Share Toronto","PBSC","Motivate","2011",""
"Canada","Vancouver","Mobi","3 Gen. CycleHop","","20 July 2016",""
"Canada","Victoria[39]","U-Bicycle","","","September 2017","2020[40]"
"Chile","Santiago","Bikesantiago","3 Gen. B-Cycle","","2013",""
"China","Anqiu","Anqiu Public Bicycle","","","December 2013",""
"China","Baoji","Baoji Public Bicycle Service","","","September 2013",""
"China","Beijing","","","","2012",""
"China","Changzhou","Changzhou Public Bicycle","","","",""
"China","Chengdu (Jinniu District)[41]","–","Shanghai Forever Bicycle Co.","","June 2010",""
"China","Chengdu (Gaoxin District [zh])[42]","–","","","December 2010",""
"China","Foshan","","","","August 2010",""
"China","Fuzhou","Fuzhou Public Bicycle","","","June 2011",""
"China","Guangzhou[43][44]","GZ-Public Bicycle","","","June 2010",""
"China","Haikou","","","","April 2013",""
"China","Haining","Haining Public Bicycle","","","October 2012",""
"China","Hangzhou[45][46]","Hangzhou Public Bicycle","","","October 2008",""
"China","Heihe","","","","May 2012",""
"China","Heze","","","","April 2014",""
"China","Hohhot","","","","October 2013",""
"China","Huaian[47]","Huaian Public Bicycle","","","October 2013",""
"China","Huaibei","Huaibei Public Bicycle","","","April 2014",""
"China","Huangyan","Huangyan Public Bicycle","","","January 2012",""
"China","Huizhou","Guangzhou Huimin","","","April 2012",""
"China","Huzhou","Huzhou Public Bicycle","","","December 2013",""
"China","Jiangyin","","","","November 2008",""
"China","Jiaxing","Jiaxing Public Bicycle","","","December 2011",""
"China","Jinhua","Jinhua Orange Public Bicycle Service","","","October 2013",""
"China","Jiujiang","","","","February 2014",""
"China","Jiyuan","","","","September 2013",""
"China","Kaixian","","","","January 2011",""
"China","Kunshan[48]","","Forever Bicycle","","September 2010",""
"China","Lanxi","China","","","July 2014",""
"China","Lanzhou","Lanzhou Public Bicycle","","","June 2014",""
"China","Lhasa","","","","November 2013",""
"China","Linhai","","","","June 2011",""
"China","Lishui","","","","February 2013",""
"China","Luoyang","Luoyang Public Bicycle","","","25 May 2013",""
"China","Maanshan","Maanshan Public Bicycle","","","",""
"China","Nanning","","","","December 2013",""
"China","Nantong[49]","Nantong Economic and Technological Development Area Public Bicycle","Forever Publicbike Intelligent Systems","","1 January 2013",""
"China","Ningbo","Ningbo Public Bicycle","","","September 2013",""
"China","Qingzhou","","","","2010",""
"China","Shanghai[50][51][52][53]","","Forever Bicycle","","March 2009",""
"China","Shaoxing[54]","Shaoxing Public Bicycle","","","15 June 2011",""
"China","Shenzhen / Shekou / Xiaomeisha","Shenzhen City Bicycle Public","Forever Bicycle","","September 2010",""
"China","Suzhou","","","","2010",""
"China","Taiyuan","","","","September 2012",""
"China","Taizhou, Jiangsu[55]","","","","2014",""
"China","China","China","","","2010",""
"China","Weifang","Weifang Public Bicycle","","","October 2013",""
"China","Wuhu","","","","2012",""
"China","Wuxi","Wuxibike","","","January 2010",""
"China","Xi'an","Xianbicycle","","","April 2011",""
"China","Xuzhou","","","","September 2012",""
"China","Yangzhou","","","","March 2014",""
"China","Yantai","","","","August 2010",""
"China","Yiwu","","","","October 2013",""
"China","Yixing","Yixing Public Bicycle","","","December 2012",""
"China","Yueyang","","","","April 2014",""
"China","Zhangjiagang","Forever Bicycle","Forever Bicycle","","June 2010",""
"China","Zhenjiang[56]","Zhenjiang Public Bicycle","","","1 April 2013",""
"China","Zhijin","","","","June 2014",""
"China","Zhongshan","","","","2010",""
"China","Zhuhai","","","","December 2012",""
"China","Zhuzhou","","Foshan Tianzhou","","May 2011",""
"Colombia","Medellin[57]","EnCicla","3 Gen (formally 0 Gen)","The Metropolitan Area of Aburra Valley[58]","2011",""
"Croatia","Hvar","nextbike[16]","","","",""
"Croatia","Dalmacia","nextbike[16]","","","",""
"Croatia","Osijek","nextbike[16]","","","",""
"Croatia","Split","nextbike[16]","","","",""
"Croatia","Various locations[59]","nextbike[16]","","","",""
"Croatia","Zadar","nextbike[16]","","","",""
"Croatia","Zagreb","nextbike[16]","3 Gen. nextbike","","May 2013",""
"Cyprus","Cap St. Georges","nextbike[16]","","","",""
"Cyprus","Famagusta","nextbike[16]","","","",""
"Cyprus","Larnaca","nextbike[16]","","","",""
"Cyprus","Limassol","nextbike[16][60]","3 Gen. nextbike","","May 2012",""
"Cyprus","Cyprus","Bike in Action","3 Gen. Smoove","","",""
"Cyprus","Paphos","nextbike[16]","","","",""
"Cyprus","Pissouri[61]","e-asyGo.com Cyprus","own pedelecs","","April 2019",""
"Cyprus","Nicosia[62]","EasyBike","EasyBike[63]","EasyBike","October 2011",""
"Cyprus","Cyprus","nextbike[16]","","","",""
"Cyprus","Nicosia District","Bike in Action","3 Gen. Smoove","","",""
"Czechia","Brno","nextbike[16]","","","",""
"Czechia","Brno","Rekola[64]","4 Gen.","","2014[65]",""
"Czechia","Brno","Velonet","","Velonet","9 October 2016[66]","2020[67]"
"Czechia","České Budějovice","Rekola[64]","4 Gen.","","2015[68]",""
"Czechia","Frýdek-Místek","nextbike[16]","","","",""
"Czechia","Czechia","Rekola","4 Gen.","","2018[69]","Discontinued[64]"
"Czechia","Hradec Králové","nextbike[16]","","","",""
"Czechia","Czechia","Rekola","4 Gen.","","2015[70]","2016"
"Czechia","Kladno","nextbike[16]","","","",""
"Czechia","Czechia","Rekola","4 Gen.","","2017[71]","2017"
"Czechia","Krnov","Rekola[64]","","","",""
"Czechia","Liberec","nextbike[16]","","","",""
"Czechia","Czechia","Rekola","4 Gen.","","2018[72]","Discontinued[64]"
"Czechia","Olomouc","nextbike[16]","","","",""
"Czechia","Czechia","Rekola","4 Gen.","","2014[73]","Discontinued[64]"
"Czechia","Ostrava","nextbike[16]","3 Gen. nextbike","Nextbike","2019",""
"Czechia","Czechia","Rekola","4 Gen.","","2018[74]","Discontinued[64]"
"Czechia","Pardubice","Rekola","4 Gen.","","2014","2016"
"Czechia","Prague","Bolt[75]","","","",""
"Czechia","Czechia","Rekola[64]","4 Gen.[76]","","2013[77]",""
"Czechia","Czechia","Freebike[78]","","HomePort","",""
"Czechia","Prague 4","Velonet","","Velonet","9 October 2016[66]","2020[79]"
"Czechia","Prague 7","Ofo","4 Gen. Ofo","Ofo","2017","Discontinued"
"Czechia","Prostějov","Rekola[64]","","","",""
"Czechia","Czechia","nextbike","3 Gen. nextbike","Nextbike","2019","Discontinued[16]"
"Czechia","Teplice","Rekola","4 Gen.","","2017[80]","Discontinued[64]"
"Czechia","Various locations","nextbike[16]","","","",""
"Czechia","Žďár","Rekola[64]","","","",""
"Denmark","Aarhus","Aarhus City Bikes","2 Gen","Aarhus Municipality","March 2004",""
"Denmark","Aarhus","Donkey Republic[81]","","","",""
"Denmark","Århus","Bycyklen","2 Gen","","May 2007",""
"Denmark","Copenhagen","Bolt[82]","","","",""
"Denmark","Denmark","Bycyklen","Gobike","","16 August 2013[83]",""
"Denmark","Denmark","Donkey Republic[81]","","","",""
"Denmark","Denmark","TIER[23]","","","",""
"Denmark","Denmark","Bycykler København","2 Gen","","1995","October 2012[84][85][86][a]"
"Denmark","Farsø","","2 Gen","","1991",""
"Denmark","Odense","Donkey Republic[81]","","","",""
"Denmark","Various locations","Donkey Republic[81]","","","",""
"Ecuador","Quito","BiciQ","BiciQ","","2012",""
"Estonia","Tallinn","Bolt[88]","","","",""
"Estonia","Tartu[89]","Bike Share","","Tartu linn","June 2019",""
"Finland","Espoo","Kaupunkipyörä","CityBike Finland","HSL","2017",""
"Finland","Hamina","Kaakau","Donkey Republic","Kaakau","2019",""
"Finland","Helsinki","Helsinki City Bikes","3 Gen. Smoove","Helsinki City Transport (HKL)","May 2017[90][91]",""
"Finland","Finland","Helsinki City Bikes","2 Gen.","Helsinki City Transport (HKL)","2000","2010[92]"
"Finland","Hyvinkää","Kaakau","Donkey Republic","Kaakau","2020","2021[93]"
"Finland","Iisalmi","Kaakau","Donkey Republic","Kaakau","2019",""
"Finland","Imatra","Kaakau","Donkey Republic","Kaakau","2018",""
"Finland","Kotka","Kaakau","Donkey Republic","Kaakau","2018",""
"Finland","Kouvola","Kaakau","Donkey Republic","Kaakau","2018",""
"Finland","Kuopio","Vilkku-fillarit","Freebike","City of Kuopio","2019",""
"Finland","Lahti","Mankeli","Freebike","","2022",""
"Finland","Lappeenranta","Kaakau","Donkey Republic","Kaakau","2019",""
"Finland","Mikkeli","Kaakau","Donkey Republic","Kaakau","2021","2021[94]"
"Finland","Mäntsälä","Mäntsälä-pyörä","Donkey Republic","Kaakau","2019",""
"Finland","Oulu","Sykkeli","","Nextbike Polska","2019","2019[95]"
"Finland","Pori","Rolanbike Pori","Rolanbike","Rolanbike","2021",""
"Finland","Porvoo","Kaakau","Donkey Republic","Kaakau","2020",""
"Finland","Raseborg","Kaakau","Donkey Republic","Kaakau","2020",""
"Finland","Riihimäki","Kaakau","Donkey Republic","Kaakau","2020",""
"Finland","Rauma","Easybike","Easybike","Easybike","2019",""
"Finland","Seinäjoki","Easybike","Easybike","Easybike","2020","2021[96]"
"Finland","Tampere","Sale-Pyörä","CityBike Global","Nysse","2021",""
"Finland","Turku","Föllärit","Donkey Republic[97]","Föli","2022",""
"Finland","Finland","Föli-Fillarit","Nextbike","Föli","2018","2020[98]"
"Finland","Vaasa","Rekola[99]","4 Gen.","","2018","Discontinued"
"Finland","Vantaa","Kaupunkipyörä","CityBike","HSL","2019",""
"Finland","Varkaus","Juro","Juro","Juro Sharing Infra","2021",""
"France","Amiens[100]","Vélam","3 Gen. Cyclocity","","February 2008",""
"France","Angers[101]","VéloCité","3 Gen. Cyclocity","","2004",""
"France","Avignon[102]","Vélopop'","3 Gen. Smoove","","July 2009",""
"France","Belfort","Optymo","3 Gen. Smoove","","May 2013",""
"France","Besançon[103]","VéloCité","3 Gen. Cyclocity","","September 2007",""
"France","Bordeaux","VCUB","Keolis","","February 2010",""
"France","Caen","V'eol","3 Gen. Clear CC","","March 2008",""
"France","Calais","Vel'in","OYBike","","July 2010",""
"France","Cergy-Pontoise[104]","VélO2","Cyclocity","JCDecaux","March 2009",""
"France","Chalon-sur-Saône","Réflex","3 Gen. Smoove","Transdev","December 2007",""
"France","Clermont-Ferrand","C.Vélo","3 Gen. Smoove","SMTC","June 2013",""
"France","Créteil[105]","Cristolib","3 Gen. Cyclocity","JCDecaux","April 2010",""
"France","Dijon","Velodi","3 Gen. Clear CC","","February 2008",""
"France","Dunkirk","Dk'vélo","Veolia","","2013",""
"France","Grenoble","Métrovélo","3 Gen. Smoove","","2006",""
"France","La Rochelle","Yélo","Homeport","","February 2010",""
"France","France","Vélos Jaunes","Zero Generation","","1974","Discontinued"
"France","Lille","V'Lille","Keolis","","2011",""
"France","Lyon[106]","Vélo'v","3 Gen. Cyclocity","","19 May 2005[107][108]",""
"France","Marseille[109]","Le vélo","3 Gen. Cyclocity","","2007",""
"France","Montpellier","Vélomagg'","3 Gen. Smoove","","June 2007",""
"France","Mulhouse[110]","VéloCité","3 Gen. Cyclocity","","15 September 2007",""
"France","Nancy[111]","VélOstan","3 Gen. Cyclocity","JCDecaux","27 September 2009",""
"France","Nantes[112]","Bicloo","3 Gen. Cyclocity","","May 2008",""
"France","Nice","Vélo Bleu","OYBike","","July 2009",""
"France","Orléans","Vélo'+","EFFIA","","June 2007",""
"France","Paris","Vélib'  [113]","3 Gen. Cyclocity","JCDecaux","15 July 2007","31 December 2017"
"France","Paris Region","TIER[23]","","","",""
"France","Grand Paris[114]","Vélib' Métropole","3 Gen. Smoove","Smovengo[115]","1 January 2018[116]",""
"France","Pau","IDEcycle","","","",""
"France","Perpignan","BIP!","3 Gen. Clear CC","","February 2008",""
"France","Poitiers","Cap'Vélo","","","September 2007",""
"France","Rennes[117]","LE vélo STAR","3 Gen. Clear CC","","June 1998",""
"France","Rouen[118]","Cy'clic","3 Gen. Cyclocity","","December 2007",""
"France","St. Etienne","Vélivert formerly Vélo Vert","3 Gen. Smoove","","26 June 2010",""
"France","Strasbourg","Vélhop","3 Gen. Smoove","","October 2010",""
"France","Strasbourg + Region","nextbike[16]","","","",""
"France","Toulouse[119]","VélôToulouse","3 Gen. Cyclocity","","16 November 2007",""
"France","Valence, Drôme[120]","Libélo","3 Gen. Smoove","Transdev","March 2010",""
"France","Vannes","Vélocéa","OYBike","","June 2009",""
"Georgia","Batumi","BatumVelo[121]","3 Gen. SmooveKey[122]","Batumi Avtotransporti[123]","May 2013",""
"Germany","Aachen","Velocity[124]","3 Gen.","","27 June 2008",""
"Germany","Achim","nextbike[16]","","","",""
"Germany","Ahrweiler (district)","AW-bike[16]","nextbike","","",""
"Germany","Aschaffenburg","Call a Bike[125]","3 Call a Bike","","",""
"Germany","Germany","nextbike[16]","3 Gen.","","",""
"Germany","Augsburg","Donkey Republic[126]","","","",""
"Germany","Baden-Baden","nextbike[16]","","","",""
"Germany","Germany","Call a Bike","3 & 4 Gen. Call a Bike flex","","2015[127]","Discontinued[125]"
"Germany","Bamberg","Donkey Republic[126]","","","",""
"Germany","Berlin","Bolt[128]","","","",""
"Germany","Germany","Call a Bike[125]","","","April 2020[129]",""
"Germany","Germany","Donkey Republic[20]","4 Gen.","","April 2017",""
"Germany","Germany","fLotte[130]","0. Gen","Freie Lastenräder[131]","March 2018",""
"Germany","Germany","LimeBike[132]","4 Gen.","","April 2018",""
"Germany","Germany","nextbike[16]","3 Gen. nextbike","","2009",""
"Germany","Germany","TIER[23]","","","",""
"Germany","Germany","Call a Bike[133]","3 & 4 Gen. Call a Bike flex","","March 2003","2016"
"Germany","Germany","Call a Bike (LIDL-BIKES)[133]","3 & 4 Gen. Call a Bike flex","","March 2017","April 2020[129]"
"Germany","Germany","Jump Bikes[134]","4 Gen.","Jump Bikes","November 2018","Discontinued[135]"
"Germany","Germany","Mobike[136]","4 Gen.","","November 2017","Discontinued[137]"
"Germany","Germany","Ofo","4 Gen. Ofo","","October 2016","August 2018"
"Germany","Bielefeld","Call a Bike[125]","","","",""
"Germany","Germany","nextbike[16]","3 Gen. nextbike","","2009",""
"Germany","Bochum","metropolradruhr[16]","3 Gen. nextbike","","2010",""
"Germany","Bonn","Call a Bike[125]","","","",""
"Germany","Germany","nextbike[16]","3 & 4 Gen. Call a Bike flex","","October 2018",""
"Germany","Bottrop","metropolradruhr[16]","3 Gen. nextbike","","2010",""
"Germany","Bremen","Call a Bike[125]","","","",""
"Germany","Germany","nextbike[16]","","","",""
"Germany","Germany","LimeBike[138]","4 Gen.","","March 2018","Discontinued[139]"
"Germany","Cham","Donkey Republic[97]","","","",""
"Germany","Coburg","nextbike","3 Gen. nextbike","","2009","Discontinued[16]"
"Germany","Cologne","Bolt[140]","","","",""
"Germany","Germany","Call a Bike[125]","3 & 4 Gen. Call a Bike flex","","March 2000",""
"Germany","Germany","nextbike[16]","","","",""
"Germany","Germany","TIER[23]","","","",""
"Germany","Germany","Mobike","","","","Discontinued[141]"
"Germany","Darmstadt","Bolt[142]","","","",""
"Germany","Germany","Call a Bike[125]","3 & 4 Gen. Call a Bike flex","","2014",""
"Germany","Dortmund","metropolradruhr[16]","3 Gen. nextbike","","July 2008",""
"Germany","Dresden","MOBI[143]","nextbike","","",""
"Germany","Germany","nextbike[16]","3 Gen. nextbike","DVB[144]","2005","2017"
"Germany","Germany","SZ-Bike[145]","nextbike","","2017","Discontinued"
"Germany","Dreieich","Byke","4 Gen.","","October 2017[146]","2018[147]"
"Germany","Duisburg","metropolradruhr[16]","3 Gen. nextbike","","September 2010",""
"Germany","Düsseldorf[148]","Bolt[149]","","","",""
"Germany","Germany","LimeBike[150]","","","",""
"Germany","Germany","nextbike[16]","3 Gen. nextbike","","2008",""
"Germany","Germany","Velocity[151]","","","",""
"Germany","Germany","TIER[23]","","","",""
"Germany","Germany","Call a Bike branded FordPass Bike[152]","3 Gen. Call a Bike","","October 2017","Discontinued"
"Germany","Germany","Flexbeee[153]","4 Gen.","","July 2018","Discontinued"
"Germany","Germany","Mobike[154]","4 Gen.","","30 May 2018","Discontinued[137]"
"Germany","Erlangen","VAG_Rad[155]","nextbike","","",""
"Germany","Erfurt","nextbike[16]","3 Gen. nextbike","","2009","May 2023[156]"
"Germany","Eschborn","Call a Bike[125]","","","",""
"Germany","Essen","metropolradruhr[16]","3 Gen. nextbike","","2010",""
"Germany","Euskirchen (district)","Eifel e-Bike[157]","nextbike","","",""
"Germany","Flensburg","nextbike","3 Gen. nextbike","","2009","Discontinued[16]"
"Germany","Fürth","VAG_Rad[155]","nextbike","","",""
"Germany","Frankfurt am Main","Bolt[158]","","","",""
"Germany","Germany","Call a Bike[125]","3 & 4 Gen. Call a Bike flex","","March 2000",""
"Germany","Germany","nextbike[16]","3 Gen. nextbike","","2009",""
"Germany","Germany","Byke","4 Gen.","","October 2017[146]","2018[147]"
"Germany","Germany","LimeBike[159]","4 Gen.","","January 2018","Discontinued[139]"
"Germany","Freiburg im Breisgau","Call a Bike[125]","3 & 4 Gen. Call a Bike flex","","2010",""
"Germany","Germany","nextbike[16]","3 Gen. nextbike","","2019",""
"Germany","Gelsenkirchen","metropolradruhr[16]","3 Gen. nextbike","","2010",""
"Germany","Giessen","nextbike[16]","","","",""
"Germany","Göttingen","Call a Bike[125]","","","",""
"Germany","Gütersloh","Call a Bike[125]","","","",""
"Germany","Germany","nextbike[16]","","","",""
"Germany","Halle (Saale)","Call a Bike[125]","","","",""
"Germany","Germany","nextbike[16]","","","",""
"Germany","Hamburg","Bolt[160]","","","",""
"Germany","Germany","LimeBike[150]","","","",""
"Germany","Germany","nextbike[16]","3 Gen. nextbike","","2008",""
"Germany","Germany","StadtRAD Hamburg[161]","3 & 4 Gen. Call a Bike flex","Deutsche Bahn","July 2009",""
"Germany","Germany","TIER[23]","","","",""
"Germany","Hamm","metropolradruhr[16]","3 Gen. nextbike","","2010",""
"Germany","Hanau","Call a Bike[125]","","","",""
"Germany","Germany","nextbike[16]","","","",""
"Germany","Hannover","Call a Bike[125]","","","",""
"Germany","Germany","Donkey Republic[97]","","","",""
"Germany","Germany","nextbike[16]","","","",""
"Germany","Germany","Mobike[162]","","","","2020[163]"
"Germany","Germany","oBike","4 Gen. oBike","","2017","2018[164]"
"Germany","Heidelberg","Call a Bike[125]","","","",""
"Germany","Germany","nextbike[16]","","","",""
"Germany","Heinsberg (district)","westBike[165]","nextbike","","",""
"Germany","Herne","metropolradruhr[16]","3 Gen. nextbike","","2010",""
"Germany","Ingolstadt","Call a Bike[125]","","","",""
"Germany","Kaiserslautern","Call a Bike[125]","","","",""
"Germany","Germany","nextbike[16]","","","",""
"Germany","Karlsruhe","nextbike[16]","","","",""
"Germany","Kassel","nextbike[16]","","","2018[166]",""
"Germany","Germany","Konrad","","","2011[166]","2017[166]"
"Germany","Kiel + Region","Donkey Republic[97]","","","",""
"Germany","Konstanz","nextbike[16]","","","",""
"Germany","Landshut","Donkey Republic[97]","","","",""
"Germany","Langen","Byke","4 Gen.","","October 2017[146]","2018[147]"
"Germany","Leipzig","nextbike[167]","3 Gen. nextbike","","2008",""
"Germany","Leverkusen","nextbike[16]","","","",""
"Germany","Lindau","TIER[23]","","","",""
"Germany","Lippstadt","nextbike[16]","","","",""
"Germany","Lübeck","Call a Bike[125]","","","",""
"Germany","Ludwigshafen","nextbike[16]","","","",""
"Germany","Lüneburg","Call a Bike[125]","","","",""
"Germany","Lünen","metropolradruhr[16]","nextbike","","",""
"Germany","Magdeburg","Call a Bike[125]","","","",""
"Germany","Germany","nextbike","3 Gen. nextbike","","2008","2018[168]"
"Germany","Mainz","Call a Bike[125]","","","",""
"Germany","Germany","MeinRad[169]","","","July 2011",""
"Germany","Mannheim","Call a Bike[125]","","","",""
"Germany","Germany","nextbike[16]","","","",""
"Germany","Marburg","nextbike[16]","","","",""
"Germany","Mönchengladbach","nextbike[16]","","","",""
"Germany","Munich","Bolt[170]","","","",""
"Germany","Germany","Call a Bike[125]","4 Gen. Call a Bike flex","","March 2000",""
"Germany","Germany","nextbike[16]","3 Gen. nextbike","","2011",""
"Germany","Germany","TIER[23]","","","",""
"Germany","Mülheim","metropolradruhr[16]","3 Gen. nextbike","","2010",""
"Germany","Münster","Bolt[171]","","","",""
"Germany","Germany","tretty[172]","","","August 2020",""
"Germany","Norderstedt","nextbike[16]","","","",""
"Germany","Nuremberg","Lastenrad für alle[173]","Bluepingu e.V.","","2017",""
"Germany","Germany","VAG_Rad[155]","3 & 4 Gen. nextbike","","2019",""
"Germany","Germany","NorisBike","3 Gen. nextbike","","2011","2018"
"Germany","Ochtrup","Donkey Republic[97]","","","",""
"Germany","Oldenburg","Call a Bike[125]","","","",""
"Germany","Germany","nextbike[16]","","","",""
"Germany","Oberhausen","Call a Bike[125]","","","",""
"Germany","Germany","metropolradruhr[16]","3 Gen. nextbike","","2010",""
"Germany","Offenbach","Call a Bike[125]","","","",""
"Germany","Offenburg","nextbike[16]","3 Gen. nextbike","","2010",""
"Germany","Ortenaukreis","nextbike[16]","","","",""
"Germany","Pinneberg","TIER[23]","","","",""
"Germany","Potsdam","nextbike[16]","3 Gen. nextbike","","2010",""
"Germany","Prignitz","Donkey Republic[97]","","","",""
"Germany","Regensburg","Donkey Republic[97]","","","",""
"Germany","Germany","TIER[23]","","","",""
"Germany","Region Mittlerer Oberrhein","KVV.nextbike[16]","nextbike","","",""
"Germany","Reutlingen","TIER[23]","","","",""
"Germany","Rheinisch-Bergischer Kreis","Bergisches E-Bike[174]","nextbike","","",""
"Germany","Rhein-Erft-Kreis","REVG mobic[175]","nextbike","","",""
"Germany","Rhine-Neckar Metropolitan Region","VRNnextbike[16]","nextbike","","",""
"Germany","Rhein-Sieg-Kreis (west of the Rhine)","RVK[176]","nextbike","","",""
"Germany","Rhein-Sieg-Kreis (east of the Rhine)","RSVG[177]","nextbike","","",""
"Germany","Rostock","Call a Bike[125]","","","",""
"Germany","Rüsselsheim","nextbike[16]","","","",""
"Germany","Saarbrücken","Call a Bike[125]","","","",""
"Germany","Germany","TIER[23]","","","",""
"Germany","Schkeuditz","nextbike[16]","","","",""
"Germany","Schlei Region","Donkey Republic[97]","","","",""
"Germany","Schwabach","VAG_Rad[16]","nextbike","","",""
"Germany","Siegerland","Velocity Siegerland","Velocity","","","Discontinued[178]"
"Germany","Straubing","Donkey Republic[97]","","","",""
"Germany","Stuttgart + Region","Call a Bike[125]","4 Gen. Call a Bike fix","","June 2007",""
"Germany","Taucha","nextbike[16]","","","",""
"Germany","Tübingen","TIER[23]","","","",""
"Germany","Germany","nextbike","3 Gen. nextbike","","2009","Discontinued[16]"
"Germany","Tuttlingen","Donkey Republic[97]","","","",""
"Germany","Ulm","TIER[23]","","","",""
"Germany","Warnemünde","Call a Bike[125]","","","",""
"Germany","Weimar","Call a Bike[125]","","","",""
"Germany","Wiesbaden","Call a Bike[125]","","","",""
"Germany","Germany","nextbike[16]","","","",""
"Germany","Winsen (Luhe)","nextbike[16]","","","",""
"Germany","Witten","metropolradruhr[16]","nextbike","","",""
"Germany","Würzburg","Call a Bike[125]","","","",""
"Greece","Aigialeia[179]","Cyclopolis","3 Gen.","","2013",""
"Greece","Aktio-Vonitsa[179][180]","Cyclopolis","3 Gen.","","2013",""
"Greece","Ancient Olympia[179][181]","Cyclopolis","3 Gen.","","2013",""
"Greece","Corfu[182]","EasyBike[183]","3 Gen. Smoove[184][185][186][182]","","November 2010",""
"Greece","Didymóteicho[179][187]","EasyBike","3 Gen. Smoove","","May 2013",""
"Greece","East Mani[179][180]","EasyBike","3 Gen. Smoove","","2013",""
"Greece","Ioannina[188]","EasyBike","3 Gen. Smoove","","September 2012",""
"Greece","Iraklio[189]","EasyBike","3 Gen. Smoove","","April 2010[190]",""
"Greece","Karditsa[191]","EasyBike","3 Gen. Smoove","","March 2013",""
"Greece","Kavala[179][192]","EasyBike","3 Gen. Smoove","","2013",""
"Greece","Keratsini-Drapetsóna[179][193]","EasyBike","3 Gen. Smoove","","November 2012",""
"Greece","Komotini[179][194]","EasyBike","3 Gen. Smoove","","2013",""
"Greece","Marathónas[180]","Cyclopolis","3 Gen.","","2013",""
"Greece","Maroussi[179][195]","Cyclopolis","3 Gen.","","February 2013",""
"Greece","Moscháto-Távros[196]","Cyclopolis","3 Gen.","","January 2013",""
"Greece","Náfplion[179][197]","Cyclopolis","3 Gen.","","June 2013",""
"Greece","Naupactus[179][198]","EasyBike","3 Gen. Smoove","","January 2013",""
"Greece","Municipality of Nafpaktos[199]municipality bike rental","","0 Gen.","","June 2010",""
"Greece","Nea Erithréa[199]municipality bike rental","","0 Gen.","","2010",""
"Greece","Nea Smyrni[180]","Cyclopolis","3 Gen.","","2013",""
"Greece","Salonica[200]","Aristotle University of Thessaloniki Bike","0 Gen.","","May 2012",""
"Greece","Sikyona[179][180]","Cyclopolis","3 Gen.","","2013",""
"Hungary","Budapest","MOL BuBi","3 Gen.","","April 2014[201]",""
"Hungary","Esztergom","EBI","","","20 September 2013[202]",""
"Hungary","Győr","GyőrBike","","","7 September 2015",""
"Hungary","Kaposvár","Kapsvári Tekergő[203]","","","27 October 2015",""
"Hungary","Szeged","CityBike Szeged[204]","CityBike Szeged","","1 October 2013[205]",""
"India","Bengaluru","Namma Cycle","","","2013",""
"India","Mumbai","FreMo, Cycle Chalao","","","2012",""
"India","Mysuru","Embarq, India","","","2009",""
"India","New Delhi","Greenolution","","","2007",""
"Indonesia","Bandung[206]","Boseh","Banopolis","","July 2017",""
"Iran","Shiraz","Bdood","4 Gen. Bdood","","31 December 2019",""
"Iran","Tehran","Bdood","4 Gen. Bdood","","18 December 2018",""
"Ireland","Cork","Coca-Cola Zero Bikes","","NTA & An Rothar Nua","18 December 2014",""
"Ireland","Dublin[207][208]","Dublin Bikes","Cyclocity","JCDecaux","September 2009",""
"Ireland","Dublin Region","TIER[23]","","","",""
"Ireland","Dún Laoghaire","Bolt[209]","","","",""
"Ireland","Galway","Coca-Cola Zero Bikes","","NTA & An Rothar Nua","24 November 2014",""
"Ireland","Kilkenny","Bolt[210]","","","",""
"Ireland","Limerick","Coca-Cola Zero Bikes","","NTA & An Rothar Nua","8 December 2014",""
"Ireland","Ireland","nextbike[16]","","","",""
"Ireland","Navan","nextbike[16]","","","",""
"Ireland","Sligo","Bolt[211]","","","",""
"Ireland","Waterford[212]","TFI Bikes","","NTA & An Rothar Nua","4 July 2022",""
"Ireland","Wexford","Bolt[213]","","","",""
"Israel","Tel Aviv[214]","Tel-O-Fun","","","April 2016",""
"Italy","Alpignano","ToBike","","","",""
"Italy","Bergamo","nextbike[16]","","","",""
"Italy","Bologna","RideMovi[215]","","","",""
"Italy","Brescia","Bicimia","","","",""
"Italy","Carugate[216]","Meglio in Bici","","","5 May 2012",""
"Italy","Cernusco sul Naviglio[216]","Meglio in Bici","","","5 May 2012",""
"Italy","Collegno","ToBike","","","",""
"Italy","Druento","ToBike","","","",""
"Italy","Florence","RideMovi[215]","","","",""
"Italy","Italy","Ofo","","","2017[217]","Discontinued"
"Italy","Gorizia","nextbike[16]","","","",""
"Italy","Grugliasco","ToBike","","","",""
"Italy","Milan","BikeMi[218]","3 Gen. Clear CC","","8 December 2008[219]",""
"Italy","Italy","RideMovi[215]","","","",""
"Italy","Italy","Mobike","4 Gen.","","30 August 2017","Discontinued"
"Italy","Italy","Bitride Sharing","Zehus","","1 March 2018","31 December 2018"
"Italy","Italy","Ofo","4 Gen. Ofo","","20 September 2017","Discontinued"
"Italy","Mondolfo","nextbike[16]","","","",""
"Italy","Padua","GoodBike Padova","","","",""
"Italy","Italy","Mobike","","","","Discontinued"
"Italy","Italy","RideMovi[215]","","","",""
"Italy","Pioltello[216]","Meglio in Bici","","","5 May 2012",""
"Italy","Pisa[216]","Ciclopi","","","May 2013",""
"Italy","Rimini[220]","Rimini in Bici","","","",""
"Italy","Senigiallia","nextbike[16]","","","",""
"Italy","Rome","Roma'n'Bike","","","",""
"Italy","Turin","RideMovi[221]","","","",""
"Italy","Italy","ToBike","","","4 March 2011",""
"Italy","Various locations","RideMovi[215]","","","",""
"Italy","Venaria Reale","ToBike","","","",""
"Italy","Venice (Mestre)","RideMovi[221]","","","",""
"Japan","Kyoto[222]","Community Cycle","","","",""
"Japan","Toyama, Toyama[223]","Cyclocity Toyama","Cyclocity","JCDecaux","22 March 2010",""
"Japan","Yokohama","Baybike","","","April 2011",""
"Kazakhstan","Almaty","Almatybike[224]","3 Gen. Smoove[225]","","June 2016",""
"Kazakhstan","Astana","Astanabike[226]","3 Gen. Smoove[227]","","July 2014",""
"Kazakhstan","Shymkent","Shymkentbike[228]","3 Gen. Smoove[229]","","July 2016",""
"Latvia","Riga, Jurmala","BalticBike","","","",""
"Latvia","Riga","nextbike[16]","","","",""
"Lithuania","Vilnius[230]","CycloCity","3 Gen. Cyclocity","JCDecaux","2013",""
"Lithuania","Kaunas[231]","CityBee","","CityBee","2016",""
"Lithuania","Lithuania","Bolt","","Bolt","2022",""
"Luxembourg","Luxembourg City[232]","Vel'oh","3 Gen. Cyclocity","","March 2008",""
"Malaysia","George Town","LinkBike","Fast Rent Bike (PG)","","December 2016",""
"Mexico","Guadalajara","MIBICI","PBSC","","2014",""
"Mexico","Mexico City[233]","Ecobici","3 Gen. Clear CC","","2010",""
"Mexico","Toluca","","PBSC","","",""
"Netherlands","Amsterdam","WhiteBikes","WhiteBikes","Provo","1965","1966"
"Netherlands","Amsterdam","Donkey Republic[81]","","","",""
"Netherlands","Delft","Mobike","4 Gen.","","2018/2019",""
"Netherlands","Eindhoven","TIER[23]","","","",""
"Netherlands","Enschede","Bolt[234]","","","",""
"Netherlands","Groningen","Bolt[235]","","","",""
"Netherlands","Hengelo","Bolt[236]","","","",""
"Netherlands","Limburg (province)","Velocity[237]","","","",""
"Netherlands","Nijmegen","Bolt[238]","","","",""
"Netherlands","Rotterdam","Donkey Republic[81]","","","",""
"Netherlands","Netherlands","Mobike","4 Gen.","","2018/2019",""
"Netherlands","The Hague","Donkey Republic[81]","","","",""
"Netherlands","Netherlands","Mobike","4 Gen.","","2018/2019",""
"Netherlands","Utrecht","TIER[23]","","","",""
"Netherlands","Various locations (especially railway stations)","OV-fiets","OV-Fiets/Nederlandse Spoorwegen","","2003",""
"Netherlands","Various locations","Bikedispenser","","","2005",""
"Netherlands","Various locations","Donkey Republic[81]","","","",""
"Norway","Drammen","Drammen City Bikes","3 Gen. Clear CC","","2001",""
"Norway","Oslo","Bolt[239]","","","",""
"Norway","Norway","Oslo Bysykkel","3 Gen. Clear CC","","2003",""
"Norway","Sandnes","","3 Gen. Clear CC","","2002",""
"Norway","Norway","","WhiteBikes","volunteers and city council","1996","2002"
"Norway","Trondheim","Trondheim City Bikes","Bycykler","","1998","2005"
"Norway","Norway","Trondheim City Bikes","3 Gen. Clear CC","","2005",""
"Poland","Białystok","BiKeR","3 Gen. nextbike","","31 May 2014",""
"Poland","Grodzisk Mazowiecki","Grodziski Rower Miejski","3 Gen. nextbike","","27 September 2014",""
"Poland","Juchnowiec Kościelny[240]","Rower Gminny","3 Gen. nextbike","","July 2015",""
"Poland","Katowice[241]","City by bike","3 Gen. nextbike","","May 2015",""
"Poland","Konstancin","Konstanciński Rower Miejski","3 Gen. nextbike","","14 June 2014",""
"Poland","Kraków","LajkBike","","","September 2023",""
"Poland","Łódź","Łódzki Rower Publiczny","3 Gen. nextbike","","30 April 2016",""
"Poland","Lublin","Lubelski Rower Miejski","3 Gen. nextbike","","19 September 2014",""
"Poland","Opole","Opole Bike","3 Gen. nextbike","","15 June 2012",""
"Poland","Poznań[242]","Poznański Rower Miejski","3 Gen. nextbike","","April 2012",""
"Poland","Rzeszów","RoweRes","","","2010",""
"Poland","Sopot[242]","Rower Trójmiejski","3 Gen. nextbike","","5 September 2013",""
"Poland","Szczecin[243]","Bike S","3 Gen. nextbike","","2015",""
"Poland","Toruń","Toruński Rower Miejski (Torvelo)","","","April 2014",""
"Poland","Various locations","nextbike[16]","","","",""
"Poland","Warsaw","Bemowo Bike","3 Gen. nextbike","","1 April 2012",""
"Poland","Poland","Veturilo","3 Gen. nextbike","","1 August 2012",""
"Poland","Wrocław[244]","Wrocławski Rower Miejski","3 Gen. nextbike","","June 2011",""
"Portugal","Águeda[245][246]","beÁgueda","3 Gen.","","2011",""
"Portugal","Alcochete[246]","#Alcochete","3 Gen.","","2021",""
"Portugal","Alenquer[246]","Alenequer Green Lab","3 Gen.","","2020",""
"Portugal","Alijó[246]","","3 Gen.","","2022",""
"Portugal","Alvito[246]","","3 Gen.","","2022",""
"Portugal","Anadia[247]","b→AND","3 Gen.","","2014",""
"Portugal","Aveiro[248][249][246]","","3 Gen.","","2000",""
"Portugal","Benavente[250][251]","baGO","3 Gen.","","2024",""
"Portugal","Bragança[246]","","1 Gen.","","2015",""
"Portugal","Cascais[252][253]","MobiCascais biCas","1 Gen.","","2016",""
"Portugal","Caldas da Raínha[246]","Rainhas","3 Gen.","","2021",""
"Portugal","Covilhã[246]","","3 Gen.","","2022",""
"Portugal","Entroncamento[254]","BUE","3 Gen.","","2023",""
"Portugal","Faro","RideMovi[255]","","","",""
"Portugal","Figueira da Foz[256]","Figas","3 Gen.","","2020",""
"Portugal","Graciosa[246]","","3 Gen.","","2021",""
"Portugal","Lisbon","Bolt[257]","","","",""
"Portugal","Portugal","GIRA[258][259]","3 Gen.","","2017",""
"Portugal","Lousada[246]","Conernélias","3 Gen.","","2022",""
"Portugal","Mealhada[246]","BipeBipe","3 Gen.","","2021",""
"Portugal","Mesão Frio[246][260]","MesãoBike","1 Gen.","","2022",""
"Portugal","Oliveira de Azeméis[261]","","2 Gen.","","2021",""
"Portugal","Pombal[246][262]","POMBike","3 Gen.","","2022",""
"Portugal","Santo Tirso[246][263]","Pedala","3 Gen.","","2019",""
"Portugal","Seia[246][264]","Ginga","3 Gen.","","2020",""
"Portugal","Torres Vedras[265][266]","Agostinhas","3 Gen.","","5 June 2013",""
"Portugal","Valença,Monção,Vila Nova de Cerveira,Salvaterra do Minho,Tomiño[246]","e-Bike Rio Minho","3 Gen.","","2022",""
"Portugal","Various locations","nextbike[16]","","","",""
"Portugal","Vila do Conde[267]","biConde","3 Gen.","","5 June 2014",""
"Portugal","Vilamoura[268]","Vilamoura Public Bikes","3 Gen.","","15 July 2012",""
"Romania","Alba Iulia","nextbike[16]","","","",""
"Romania","Bucharest[269]","Cicloteque","Proprietary","","31 July 2008",""
"Romania","Buzău","nextbike[16]","","","",""
"Romania","Câmpia Turzii","nextbike[16]","","","",""
"Romania","Drobeta","nextbike[16]","","","",""
"Romania","Focsani","nextbike[16]","","","",""
"Romania","Slatina","nextbike[16]","","","",""
"Romania","Topoloveni","nextbike[16]","","","",""
"Russia","Almetyevsk","Gobike","","","September 2017[270]",""
"Russia","Kazan","Veli'k","3 Gen. Cyclocity","Russ Outdoor[271]","1 July 2013",""
"Russia","Moscow","Velobike","Smoove","CityBike","June 2013",""
"Russia","Saint-Petersburg","Velogorod","","","July 2014",""
"Saudi Arabia","Riyadh, Andorra Village","TIER[23]","","","",""
"Serbia","Novi Sad","NS Bike","Parking Servis","","2011",""
"Slovakia","Bratislava","Whitebikes","Open Source Bike Share","","May 2014",""
"Slovakia","Bratislava","Slovnaft BAjk","","Slovnaft","7 September 2018[272]",""
"Slovakia","Bratislava","Verejný bicykel","","Antik Telecom","1 June 2020[273]",""
"Slovakia","Bratislava","Rekola[64]","4 Gen.","Rekola","7 September 2020[274]",""
"Slovakia","Humenné","Verejný bicykel","","Antik Telecom","22 June 2021[275]",""
"Slovakia","Košice","Verejný bicykel","","Antik Telecom","24 April 2019[276]",""
"Slovakia","Krásno nad Kysucou","Verejný bicykel","","Antik Telecom","26 May 2021[277]",""
"Slovakia","Kysucké Nové Mesto","Verejný bicykel","","Antik Telecom","26 May 2021[277]",""
"Slovakia","Moldava nad Bodvou","Verejný bicykel","","Antik Telecom","25 July 2019[278]",""
"Slovakia","Nitra","ARRIVA Bike","nextbike","Arriva","28 July 2017[279]",""
"Slovakia","Poprad, Spišská Teplica","Verejný bicykel","","Antik Telecom","8 August 2019[280]14 May 2021[281]","26 February 2024[282]"
"Slovakia","Považská Bystrica","Verejný bicykel","","Antik Telecom","17 June 2022[283]",""
"Slovakia","Prešov, Veľký Šariš","Verejný bicykel","","Antik Telecom","24 June 2020[284]6 July 2021[285]",""
"Slovakia","Sabinov","Verejný bicykel","","Antik Telecom","28 July 2021[286]",""
"Slovakia","Sečovce","Verejný bicykel","","Antik Telecom","30 June 2023[287]",""
"Slovakia","Senec","nextbike[16]","","","",""
"Slovakia","Senica","nextbike[16]","","","",""
"Slovakia","Snina","Verejný bicykel","","Antik Telecom","28 June 2021[275]",""
"Slovakia","Svidník","Verejný bicykel","","Antik Telecom","8 June 2021[288]",""
"Slovakia","Svit","Verejný bicykel","","Antik Telecom","14 May 2021[281]",""
"Slovakia","Terchová","Verejný horský e-bicykel","","Antik Telecom","28 April 2023[289]",""
"Slovakia","Trebišov","Verejný bicykel","","Antik Telecom","17 July 2019[290]",""
"Slovakia","Trnava","Arboria bike","","City of Trnava","1 March 2019[291]",""
"Slovakia","Vranov nad Topľou","Verejný bicykel","","Antik Telecom","15 June 2022[292]",""
"Slovakia","Žilina","BikeKIA","nextbike","Arriva","29 March 2019[293]",""
"Slovakia","Slovakia","nextbike[16]","","","",""
"Slovenia","Celje[294]","KolesCE","","Nomago","13 September 2018",""
"Slovenia","Kamnik","","","","",""
"Slovenia","Kranj[295]","KRsKOLESOM","","Mestna občina Kranj","",""
"Slovenia","Ljubljana[296]","Bicike(lj)","Cyclocity","JCDecaux","12 May 2011",""
"Slovenia","Slovenia","nextbike[16]","","","",""
"Slovenia","Novo Mesto","goNM[297]","","","",""
"Slovenia","Murska Sobota","Soboški biciklin[298]","","","",""
"Slovenia","Rogaška Slatina and Podčetrtek","","","","",""
"Slovenia","Velenje","BICY","MICikel","","18 September 2012",""
"Slovenia","Various locations","nextbike[16]","","","",""
"South Africa","Orania, Northern Cape[299]","Orania Openbare Fietsprojek","","","16 July 2014",""
"South Korea","Changwon[300][301]","NUBIJA","","","October 2008",""
"South Korea","Daejeon","Tashu","Tashu","Daejeon Metropolitan Government, Daejeon Metropolitan City Facilities Management Corporation","13 October 2008",""
"South Korea","Sejong","Eouling","Eouling & New Eouling","Sejong City Transportation Corporation","28 October 2014",""
"South Korea","Seoul[302]","Ddareungi","","","15 October 2015",""
"Spain","A Coruña","Bicicoruña","","","",""
"Spain","Arteixo","nextbike[16]","","","",""
"Spain","Barcelona","Bicing","3 Gen. Clear CC","","22 March 2007",""
"Spain","Spain","Bolt[303]","","","",""
"Spain","Spain","Donkey Republic[20]","","","",""
"Spain","Spain","RideMovi[221]","","","",""
"Spain","Barcelona Region","Ambici","nextbike[16]","","",""
"Spain","Bilbao","nextbike[16]","","","",""
"Spain","Bilbao + Region","nextbike[16]","","","",""
"Spain","Canary Islands","nextbike[16]","","","",""
"Spain","Córdoba[304]","Eco-bici","3 Gen. Cyclocity","JCDecaux","2003",""
"Spain","Elche (Elx)","bicielx","","","14 June 2010",""
"Spain","Gijón","Gijon bici","","","2003 (relaunched in 2023)",""
"Spain","Girona[305][306]","Girocleta","","","25 September 2009",""
"Spain","Ibiza","nextbike[16]","","","",""
"Spain","Las Palmas de Gran Canaria","nextbike[16]","","","",""
"Spain","León","nextbike[16]","","","",""
"Spain","Logroño","nextbike[16]","","","",""
"Spain","Madrid[307]","BiciMAD","","","May 2014",""
"Spain","Málaga, Andalucía","MálagaBici","Cemusa","","2013",""
"Spain","Mislata","nextbike[16]","","","",""
"Spain","Murcia, Region of Murcia","Muybici[308]","","","",""
"Spain","Ontinyent","nextbike[16]","","","",""
"Spain","Palma","Bicipalma","nextbike[16]","","28 March 2011",""
"Spain","Pamplona","n'bici","","","July 2007",""
"Spain","Santander[309][310]","nextbike[16]","","","",""
"Spain","Spain","Tusbic","3 Gen. Cyclocity","","September 2008",""
"Spain","Seville[311]","Sevici","3 Gen. Cyclocity","","April 2007",""
"Spain","Torrent","nextbike[16]","","","",""
"Spain","Urdaibai","nextbike[16]","","","",""
"Spain","Valencia[312]","Valenbisi","3 Gen. Cyclocity","JCDecaux","22 June 2010",""
"Spain","Valladolid","Biki","","","",""
"Spain","Zaragoza","Bizi","3 Gen. Clear CC","","28 May 2008",""
"Sweden","Gothenburg","Bolt[313]","","","",""
"Sweden","Gothenburg","nextbike[16]","","","",""
"Sweden","Gothenburg","Styr & Ställ[314]","3 Gen. Cyclocity","JCDecaux","10 August 2010",""
"Sweden","Lund","Lundahoj","3 Gen. Cyclocity","JCDecaux","20 August 2014",""
"Sweden","Malmö","Bolt[315]","","","",""
"Sweden","Sweden","Malmö By Bike","3 Gen. Clear CC","","14 May 2016",""
"Sweden","Stockholm","RideMovi[221]","","","",""
"Sweden","Sweden","Stockholm City bikes","3 Gen. Clear CC","","April 2006",""
"Sweden","Various locations","Donkey Republic[126]","","","",""
"Switzerland","Aigle, Monthey","PubliBike","PubliBike","","2010",""
"Switzerland","Bern","PubliBike","PubliBike","","2011",""
"Switzerland","Chur","MOOINZ","nextbike[16]","","",""
"Switzerland","Freiburg","PubliBike","PubliBike","","2010",""
"Switzerland","Geneva","Donkey Republic[20]","","","",""
"Switzerland","Lausanne","PubliBike","PubliBike","","April 2013",""
"Switzerland","Switzerland","velopass","","","June 2009","April 2013"
"Switzerland","Lugano","PubliBike","PubliBike","","2010",""
"Switzerland","Luzern","nextbike","3 Gen. nextbike","","2008",""
"Switzerland","Nyon, Gland","PubliBike","PubliBike","","2011",""
"Switzerland","Schaffhausen","TIER[23]","","","",""
"Switzerland","Sion","PubliBike","PubliBike","","2010",""
"Switzerland","St. Gallen","TIER[23]","","","",""
"Switzerland","Uzwil","TIER[23]","","","",""
"Switzerland","Various locations","nextbike Switzerland[16]","","","",""
"Switzerland","Various locations","Donkey Republic[20]","","","",""
"Switzerland","Vevey","PubliBike","PubliBike","","2009",""
"Switzerland","Winterthur","TIER[23]","","","",""
"Taiwan","Changhua","YouBike","1.0","","May 22, 2014","June 30, 2021"
"Taiwan","Changhua","MOOVO","","","June 30, 2021",""
"Taiwan","Kaohsiung","City Bike","","","March 1, 2009","June 25, 2020"
"Taiwan","Taiwan","YouBike","2.0","","July 1, 2020",""
"Taiwan","Taipei[316][317]","YouBike","1.0","","March 11, 2009","November 3, 2022"
"Taiwan","Taipei[316][317]","Taiwan","2.0","","January 15, 2020",""
"Taiwan","New Taipei","NewBike","","","October 31, 2008","April 2015"
"Taiwan","Taiwan","YouBike","1.0","","January 1, 2014",""
"Taiwan","Taiwan","Taiwan","2.0","","October 20, 2021",""
"Taiwan","Taoyuan","YouBike","1.0","","February 4, 2016",""
"Taiwan","Taoyuan","Taiwan","2.0","","December 22, 2023",""
"Taiwan","Hsinchu County","YouBike","2.0","","June 27, 2022",""
"Taiwan","Hsinchu City","YouBike","1.0","","May 26, 2016","June 1, 2023"
"Taiwan","Hsinchu City","Taiwan","2.0","","July 12, 2022",""
"Taiwan","Hsinchu Science Park","YouBike","1.0","","August 30, 2017","June 1, 2023"
"Taiwan","Hsinchu Science Park","Taiwan","2.0","","July 12, 2022",""
"Taiwan","Miaoli","YouBike","1.0","","June 26, 2018",""
"Taiwan","Miaoli","Taiwan","2.0","","March 13, 2024",""
"Taiwan","Taichung","YouBike","1.0(iBike)","","July 18, 2014","June 28, 2023"
"Taiwan","Taichung","Taiwan","2.0","","December 18, 2020",""
"Taiwan","Chiayi City","Chia e-bike","","","February 3, 2016","April 8, 2019"
"Taiwan","Taiwan","YouBike","2.0","","December 15, 2020",""
"Taiwan","Chiayi County","Youbike","2.0","","July 3, 2024",""
"Taiwan","Tainan","T-Bike","","","August 8, 2016","February 28, 2023"
"Taiwan","Taiwan","YouBike","2.0","","February 23, 2023",""
"Taiwan","Pingtung","Pbike","","","December 4, 2014","February 28, 2023"
"Taiwan","Taiwan","YouBike","2.0","","February 1, 2023",""
"Taiwan","Yunlin","MOOVO","","","August 3, 2023",""
"Taiwan","Kinmen","K Bike","","","April 16, 2017","December 31, 2023"
"Thailand","Bangkok","KU Mobike","Mobike","","2017",""
"Thailand","Bangkok","CU Bike","Smoove","","2012[318]",""
"Thailand","Bangkok","Pun Pun Bike Share","","","2012[319][320]",""
"Thailand","Bangkok","oBike","4 Gen. oBike","","July 2017","Discontinued"
"Thailand","Chiang Mai","Mobike","Mobike","","2018",""
"Turkey","Izmir","Bisim","","","January 2014",""
"Turkey","Karşıyaka","Karbis","3 Gen. nextbike","","January 2014",""
"Turkey","Konya","nextbike","3 Gen. nextbike","","",""
"Ukraine","Kyiv","nextbike","3 Gen. nextbike","nextbike Kyiv LLC","15 August 2018[321]","Discontinued"
"Ukraine","Lviv","nextbike","3 Gen. nextbike","nextbike Ukraine LLC","31 March 2016[322]","Discontinued"
"United Arab Emirates","Abu Dhabi[323]","ADCB Bikeshare","8D","Cyacle","December 2014",""
"United Arab Emirates","Dubai, Dubai Hills Mall","TIER[23]","","","",""
"United Arab Emirates","Dubai, Expo 2020 District","TIER[23]","","","",""
"United Arab Emirates","Ras Al-Khaimah","TIER[23]","","","",""
"United Arab Emirates","Sharjah, American University of Sharjah","TIER[23]","","","",""
"United Kingdom","Bath, England","TIER[23]","","","",""
"United Kingdom","Barton-upon-Humber, England","Factory Bikes","WhiteBikes","Elswick Hopper","19??","19??"
"United Kingdom","Belfast, Northern Ireland","Coca-Cola Zero Belfast Bikes","3 Gen. nextbike","NSL","27 April 2015",""
"United Kingdom","Blackpool, England[324]","Hire-a-Bike","Hourbike","","2009",""
"United Kingdom","Bristol, England","YoBike","YoBike","","May 2017",""
"United Kingdom","United Kingdom","TIER[23]","","","",""
"United Kingdom","Cambridge, England","GreenBike","WhiteBikes","","1993","1995"
"United Kingdom","Cardiff, Wales","Nextbike","3 Gen. nextbike","","March 2018","December 2023"
"United Kingdom","Colchester, England","TIER[23]","","","",""
"United Kingdom","Derby","lime bikes","","","",""
"United Kingdom","Dundee, Scotland","Embark Dundee","","RideOn","",""
"United Kingdom","Glasgow, Scotland","Mass Automated Cycle Hire (MACH)","3 Gen. nextbike","","24 June 2014",""
"United Kingdom","Greater Manchester, England","GM Cycle Hire","","Beryl","November 2021[325]",""
"United Kingdom","Edinburgh, Scotland","Just Eat Cycles","Urban Sharing","Serco","24 June 2018",""
"United Kingdom","Liverpool, England","City Bike","","","May 2014",""
"United Kingdom","London, England[326][327]","Santander Cycles (formerly Barclays Cycle Hire)","PBSC & 8D","Serco","30 July 2010",""
"United Kingdom","United Kingdom","TIER[23]","","","",""
"United Kingdom","Leicester, England","Santander Cycles Leicester","","RideOn","14 April 2021[328]",""
"United Kingdom","Milton Keynes, England","SantanderCyclesMK","3 Gen. nextbike","CycleSaviours","17 June 2016",""
"United Kingdom","United Kingdom","TIER[23]","","","",""
"United Kingdom","Newcastle, England","ScratchBikes(known as WhipBikes until 2011)","ScratchBikes","","2010",""
"United Kingdom","Nottingham, England","Ucycle","Sustrans & Evans Cycles","","2010",""
"United Kingdom","Portsmouth, England","Bikeabout","Public Velo","University of Portsmouth","1996","1998"
"United Kingdom","Slough, England","Smoove","3 Gen. Smoove","","November 2013",""
"United Kingdom","Southampton, England","YoBike","YoBike","","September 2017",""
"United States","Ann Arbor, Michigan[329]","ArborBike","3 Gen. B-Cycle","","2014",""
"United States","Atlanta","Relay Bike Share","","","May 2016",""
"United States","Aspen, Colorado","WE-cycle","PBSC","","June 2013",""
"United States","Austin, Texas[330]","Bike Share of Austin","3 Gen. B-Cycle","","December 2013",""
"United States","United States","Yellow Bike Project","WhiteBikes","Austin YBP and city council","January 1997",""
"United States","Battle Creek, Michigan[331]","Battle Creek BCycle","3 Gen. B-Cycle","","19 August 2013",""
"United States","Black Rock City, Nevada[332]","Yellow Bikes","Yellow Bikes","","",""
"United States","Boise, Idaho[333]","Boise Bike Share","Social Bicycle","","16 April 2015","September 2020[334][335]"
"United States","Boston[336]","Bluebikes","PBSC & 8D","Motivate","2011",""
"United States","Boulder, Colorado[337][338]","Boulder B-Cycle","3 Gen. B-Cycle","","2011",""
"United States","Broward County, Florida","Broward B-Cycle","3 Gen. B-Cycle","","2011",""
"United States","Charlotte, North Carolina[339]","Charlotte B-Cycle","3 Gen. B-Cycle","","2012",""
"United States","Chattanooga, Tennessee[340]","Bike Chattanooga Bicycle Transit System","PBSC","","2012",""
"United States","Chicago[341][342]","Divvy","PBSC & 8D","Motivate","2013",""
"United States","Cincinnati, Ohio[343]","Red Bike","3 Gen. B-Cycle","","15 September 2014",""
"United States","Columbia, South Carolina","BlueBikeSC","","Bbewege","September 2018",""
"United States","Columbus, Ohio","CoGo","PBSC & 8D","Motivate","July 2013",""
"United States","Denver[344]","Denver B-cycle","3 Gen. B-Cycle","","2010","January 2020"
"United States","Des Moines, Iowa[345][346]","Des Moines B-cycle","3 Gen. B-Cycle","","2010",""
"United States","El Paso, Texas[347]","El Paso BCycle","3 Gen. B-Cycle","","14 September 2015",""
"United States","Eugene, Oregon[348]","PeaceHealth Rides","PeaceHealth Rides","","2018",""
"United States","Fairbanks, Alaska","Fairbikes","A2B Bikeshare","","24 September 2015",""
"United States","Fargo, North Dakota[349][350]","GreatRides","3 Gen. B-Cycle","","15 March 2010",""
"United States","Fort Worth, Texas[351]","Fort Worth B-Cycle","3 Gen. B-Cycle","","22 April 2013",""
"United States","Fullerton, California","OCTA BikeShare","Bike Nation","","6 January 2014",""
"United States","Hoboken, New Jersey[352]","Hudson Bike Share","3 Gen. nextbike","","September 2015",""
"United States","Houston[353][354]","Houston B-cycle","3 Gen. B-Cycle","","2012",""
"United States","Indianapolis[355]","Indiana Pacers Bikeshare","B-Cycle","Indianapolis Cultural Trail","22 April 2014",""
"United States","Jersey City, New Jersey[356]","Citi Bike","8D","Motivate","September 2015",""
"United States","Kailua, Hawaii[357][358]","Hawaii B-cycle","3 Gen. B-Cycle","","2011",""
"United States","Kansas City, Missouri[359]","Kansas City B-cycle","3 Gen. B-Cycle","","2012",""
"United States","Kona District, Hawaii","","PBSC","","2016",""
"United States","Lansing, Michigan","Capital Community Bikeshare","A2B Bikeshare","","2014",""
"United States","Lincoln, Nebraska[360]","BikeLNK","3 Gen. B-Cycle","","2018",""
"United States","Los Angeles","Metro Bike Share","3 Gen. B-Cycle","","7 July 2016",""
"United States","Madison, Wisconsin[361]","Madison B-Cycle","3 Gen. B-Cycle","","2011",""
"United States","Meridian, Colorado","M-Bike","Zagster","","15 March 2010",""
"United States","Miami Beach, Florida[362]","Decobike","SandVault","","2011",""
"United States","Milwaukee[363][364]","Bublr Bikes","3 Gen. B-Cycle","","2014",""
"United States","Minneapolis–Saint Paul[365][366]","Nice Ride Minnesota","PBSC & 8D","","2010","13 November 2022[367]"
"United States","New York City[368][369][370][371][372]","Citi Bike","PBSC & 8D","Motivate","27 May 2013",""
"United States","Oklahoma City[373]","Spokies","Spokies","","2012",""
"United States","Omaha, Nebraska[374]","Omaha B-Cycle","3 Gen. B-Cycle","","2011",""
"United States","Philadelphia[375][376]","Indego","3 Gen. B-Cycle (incl. some e-bikes","","23 April 2015",""
"United States","Phoenix, Arizona","Grid Bike Share","3 Gen. CycleHop and Social Bicycles","","25 November 2014",""
"United States","Pittsburgh","POGOH","PBSC","","2022",""
"United States","Portland, Oregon","Biketown","","","19 July 2016",""
"United States","United States","Yellow Bike Project","1 Gen. WhiteBikes","Yellow Bike Project","1994[377]","1997[378]"
"United States","Salt Lake City[379]","SLC Bike Share","3 Gen. B-Cycle","","2013",""
"United States","San Antonio[380]","San Antonio B-Cycle","3 Gen. B-Cycle","","2011",""
"United States","San Diego[381]","DecoBike","DecoBike","JCDecaux","February 2015",""
"United States","San Francisco Bay Area","Bay Wheels","8D","Motivate","June 2017",""
"United States","Santa Monica, California[382]","Breeze Bike Share","3 Gen. CycleHop and Social Bicycles","","13 August 2015",""
"United States","Savannah, Georgia[383]","CAT Bike","3 Gen. B-Cycle","","24 January 2014",""
"United States","Seattle[384]","Pronto Cycle Share","8D","Motivate","13 October 2014","31 March 2017"
"United States","Spartanburg, South Carolina[385]","Spartanburg B-Cycle","3 Gen. B-Cycle","","2011",""
"United States","St. Paul","Yellow Bike Project","1 Gen. w/ BikeCard","volunteers and city council","1997",""
"United States","Springfield, Massachusetts and Pioneer Valley","ValleyBike Share","","Begwegen Technologies[386]","June 28, 2018[387]",""
"United States","Tampa, Florida[388]","Coast Bike Share","3 Gen. CycleHop and Social Bicycles","","7 December 2014",""
"United States","Washington metropolitan area[389]","Capital Bikeshare","PBSC & 8D","Motivate","2010",""
